conversation_id,language,script,turns_count,window_text,target_text,pattern_label,risk_level,source_dataset,origin,rationale
synth_0001,English,roman,3,"A: Did you understand question 4 in math?  |  B: Not really, it was quite confusing.  |  A: Let us work on our homework together tomorrow during lunch.",Let us work on our homework together tomorrow during lunch.,neutral,Low,Synthetic-Grooming-PAN12,synthetic,homework collaboration
synth_0002,English,roman,3,"A: Are you coming to science club today?  |  B: Yes, Mr. Sharma said we are building circuits.  |  A: Cool, see you in the physics lab at 4 PM.","Cool, see you in the physics lab at 4 PM.",neutral,Low,Synthetic-Grooming-PAN12,synthetic,school club
synth_0003,English,roman,3,A: Don't forget tomorrow is sports day!  |  B: I got my white sneakers ready.  |  A: Good luck in the 100m relay sprint!,Good luck in the 100m relay sprint!,neutral,Low,Synthetic-Grooming-PAN12,synthetic,sports day
synth_0004,English,roman,3,A: Who has the English literature notes?  |  B: I took notes on chapter 3.  |  A: Can you please share them in the official class group?,Can you please share them in the official class group?,neutral,Low,Synthetic-Grooming-PAN12,synthetic,study notes
synth_0005,English,roman,3,"A: Great job on the history presentation today.  |  B: Thanks! I was so nervous standing in front of everyone.  |  A: You did awesome, teacher gave our team full marks.","You did awesome, teacher gave our team full marks.",neutral,Low,Synthetic-Grooming-PAN12,synthetic,presentation praise
synth_0006,English,roman,3,"A: Are we having the chemistry test on Friday?  |  B: Yes, teacher confirmed it covers acids and bases.  |  A: Okay, let us prepare notes tonight.","Okay, let us prepare notes tonight.",neutral,Low,Synthetic-Grooming-PAN12,synthetic,exam reminder
synth_0007,English,roman,3,"A: Did you submit the art assignment?  |  B: I just finished watercolor painting.  |  A: Nice, let's submit it before the bell rings.","Nice, let's submit it before the bell rings.",neutral,Low,Synthetic-Grooming-PAN12,synthetic,art project
synth_0008,English,roman,3,"A: Is the library open after school today?  |  B: Yes, until 5 PM.  |  A: Great, let's borrow the reference books together.","Great, let's borrow the reference books together.",neutral,Low,Synthetic-Grooming-PAN12,synthetic,library study
synth_0009,English,roman,3,"A: Can you bring your extra calculator tomorrow?  |  B: Sure, I have two.  |  A: Thanks a lot, see you in the morning.","Thanks a lot, see you in the morning.",neutral,Low,Synthetic-Grooming-PAN12,synthetic,school supplies
synth_0010,English,roman,3,"A: Are we practicing for annual day dance?  |  B: Yes, third period in the auditorium.  |  A: Don't forget the costume guidelines teacher sent.",Don't forget the costume guidelines teacher sent.,neutral,Low,Synthetic-Grooming-PAN12,synthetic,annual day dance
synth_0011,English,roman,3,"A: Did you get selected for the debate team?  |  B: Yes, the topic is renewable energy.  |  A: Awesome! Let's research arguments together.",Awesome! Let's research arguments together.,neutral,Low,Synthetic-Grooming-PAN12,synthetic,debate prep
synth_0012,English,roman,3,"A: Where are we meeting for the group project?  |  B: At the school cafeteria after classes.  |  A: Perfect, please tell your parents where we are meeting.","Perfect, please tell your parents where we are meeting.",neutral,Low,Synthetic-Grooming-PAN12,synthetic,parent notice for meeting
synth_0013,English,roman,3,"A: How did your piano recital go?  |  B: It was fun, my mom took a video.  |  A: Congratulations, you practiced really hard!","Congratulations, you practiced really hard!",neutral,Low,Synthetic-Grooming-PAN12,synthetic,recital
synth_0014,English,roman,3,"A: Are you joining the summer coding workshop?  |  B: Yes, my dad registered me yesterday.  |  A: Awesome, we can learn Python together.","Awesome, we can learn Python together.",neutral,Low,Synthetic-Grooming-PAN12,synthetic,coding workshop
synth_0015,English,roman,3,"A: Good morning! Did bus route 12 change?  |  B: No, it arrives at the usual 7:30 AM stop.  |  A: Thanks, see you at the bus stop.","Thanks, see you at the bus stop.",neutral,Low,Synthetic-Grooming-PAN12,synthetic,school bus
synth_0016,English,roman,3,"A: Dude you completely destroyed me in that match!  |  B: Haha your sniper shot missed by an inch.  |  A: That game was killer, let's play another round tonight.","That game was killer, let's play another round tonight.",neutral,Low,Synthetic-Grooming-PAN12,synthetic,gaming slang benign
synth_0017,English,roman,3,A: I got a new game for my birthday. Want to play online with our friends?  |  B: Which game is it?  |  A: Minecraft! I set up a private multiplayer world for our class.,Minecraft! I set up a private multiplayer world for our class.,neutral,Low,Synthetic-Grooming-PAN12,synthetic,multiplayer birthday game
synth_0018,English,roman,3,"A: Bro you're dead! Watch out behind you!  |  B: Revive me, revive me!  |  A: I got you, good win team!","I got you, good win team!",neutral,Low,Synthetic-Grooming-PAN12,synthetic,in-game combat callouts
synth_0019,English,roman,3,"A: Your rank in Valorant is insane!  |  B: Thanks, played five competitive games yesterday.  |  A: Carry me to Gold rank this weekend please!",Carry me to Gold rank this weekend please!,neutral,Low,Synthetic-Grooming-PAN12,synthetic,game ranking
synth_0020,English,roman,3,"A: Noob move dropping the flag there!  |  B: My ping was 300ms, total lag.  |  A: All good, next round we crush them.","All good, next round we crush them.",neutral,Low,Synthetic-Grooming-PAN12,synthetic,friendly gamer teasing
synth_0021,English,roman,3,"A: That boss battle took two hours to beat!  |  B: Did you get the legendary drop?  |  A: Yes, finally got the dragon shield.","Yes, finally got the dragon shield.",neutral,Low,Synthetic-Grooming-PAN12,synthetic,boss fight
synth_0022,English,roman,3,A: Are you streaming the tournament tonight?  |  B: Just watching on Twitch with my brother.  |  A: Let's watch together on voice chat.,Let's watch together on voice chat.,neutral,Low,Synthetic-Grooming-PAN12,synthetic,watching esports
synth_0023,English,roman,3,"A: GG guys, well played!  |  B: Nice defense on point B.  |  A: See you tomorrow for the weekend cup.",See you tomorrow for the weekend cup.,neutral,Low,Synthetic-Grooming-PAN12,synthetic,good game
synth_0024,English,roman,3,A: He totally wrecked our squad with that grenade.  |  B: Next time stay spread out.  |  A: Yeah lesson learned.,Yeah lesson learned.,neutral,Low,Synthetic-Grooming-PAN12,synthetic,squad loss review
synth_0025,English,roman,3,A: Who wants to trade duplicate Pokemon cards tomorrow?  |  B: I have Charizard!  |  A: Bring your binder to lunch recess.,Bring your binder to lunch recess.,neutral,Low,Synthetic-Grooming-PAN12,synthetic,trading cards
synth_0026,English,roman,3,A: Some random account messaged me on Roblox asking where I live.  |  B: That's super weird!  |  A: I blocked them and showed my mom immediately.,I blocked them and showed my mom immediately.,neutral,Low,Synthetic-Grooming-PAN12,synthetic,safety action
synth_0027,English,roman,3,A: Teacher said never share personal phone numbers or passwords online.  |  B: Yeah our cyber safety class was really helpful.  |  A: Always tell a trusted adult if someone makes you uncomfortable.,Always tell a trusted adult if someone makes you uncomfortable.,neutral,Low,Synthetic-Grooming-PAN12,synthetic,safety advice
synth_0028,English,roman,3,"A: Coach told us to never share private details with strangers online.  |  B: Did someone ask you?  |  A: No, just standard rules for the team group chat.","No, just standard rules for the team group chat.",neutral,Low,Synthetic-Grooming-PAN12,synthetic,coach advice
synth_0029,English,roman,3,"A: Remember: never send private photos or keep secrets from your family.  |  B: Yes, my parents have the family safety guidelines.  |  A: Good, stay safe online.","Good, stay safe online.",neutral,Low,Synthetic-Grooming-PAN12,synthetic,guidelines
synth_0030,English,roman,3,"A: My friend told me a stranger messaged: Send your photo or I will report you.  |  B: Did your friend report it?  |  A: Yes, they reported the account and told school counselor.","Yes, they reported the account and told school counselor.",neutral,Low,Synthetic-Grooming-PAN12,synthetic,reported speech
synth_0031,English,roman,3,"A: I am not threatening you and I do not want your private details.  |  B: I know, just checking what the homework assignment was.  |  A: Page 45 exercises 1 to 10.",Page 45 exercises 1 to 10.,neutral,Low,Synthetic-Grooming-PAN12,synthetic,negation of threat
synth_0032,English,roman,3,A: Someone posted: I will destroy your reputation.  |  B: Where was that?  |  A: It was an example of cyberbullying in our civics textbook.,It was an example of cyberbullying in our civics textbook.,neutral,Low,Synthetic-Grooming-PAN12,synthetic,textbook example
synth_0033,English,roman,3,"A: The surprise party for Rahul is a secret until Saturday.  |  B: Don't worry, nobody will tell him.  |  A: His parents are bringing the cake at 5 PM.",His parents are bringing the cake at 5 PM.,neutral,Low,Synthetic-Grooming-PAN12,synthetic,benign birthday secret
synth_0034,English,roman,3,"A: I forgot my lunch money today.  |  B: I have an extra sandwich, let's share!  |  A: Thank you so much, you are a lifesaver.","Thank you so much, you are a lifesaver.",neutral,Low,Synthetic-Grooming-PAN12,synthetic,sharing lunch
synth_0035,English,roman,3,"A: Can you ask your mom if you can come over to bake cookies?  |  B: She said yes as long as your mom is home.  |  A: Awesome, my mom bought chocolate chips.","Awesome, my mom bought chocolate chips.",neutral,Low,Synthetic-Grooming-PAN12,synthetic,parent confirmed playdate
synth_0036,English,roman,3,"A: If anyone online ever asks you to keep secrets, tell a teacher right away.  |  B: Our school counselor gave us helpline stickers today.  |  A: Yeah, 1098 is for child safety.","Yeah, 1098 is for child safety.",neutral,Low,Synthetic-Grooming-PAN12,synthetic,helpline awareness
synth_0037,English,roman,3,"A: Don't click that link in the group chat, it looks like spam.  |  B: Good catch, I almost clicked it.  |  A: Let's ask the admin to delete the message.",Let's ask the admin to delete the message.,neutral,Low,Synthetic-Grooming-PAN12,synthetic,spam warning
synth_0038,English,roman,3,"A: My dad helped me set my Instagram account to private.  |  B: Smart move, only friends should see posts.  |  A: Yeah, no random strangers allowed.","Yeah, no random strangers allowed.",neutral,Low,Synthetic-Grooming-PAN12,synthetic,privacy settings
synth_0039,English,roman,3,A: We are organizing a charity book drive this weekend.  |  B: I have lots of old storybooks to donate.  |  A: Bring them to the school auditorium on Friday.,Bring them to the school auditorium on Friday.,neutral,Low,Synthetic-Grooming-PAN12,synthetic,charity drive
synth_0040,English,roman,3,"A: I am not angry with you at all.  |  B: I thought you were upset about the score.  |  A: Not at all, it was just a tough referee call.","Not at all, it was just a tough referee call.",neutral,Low,Synthetic-Grooming-PAN12,synthetic,negation of anger
synth_0041,Hindi,mixed,3,"A: आज स्कूल कैसा था?  |  B: बहुत अच्छा, विज्ञान में नया प्रयोग किया।  |  A: चलो शाम को मिलकर होमवर्क करते हैं।",चलो शाम को मिलकर होमवर्क करते हैं।,neutral,Low,Synthetic-Grooming-PAN12,synthetic,homework
synth_0042,Hindi,mixed,3,"A: कल गणित की परीक्षा की तैयारी हो गई?  |  B: त्रिकोणमिति थोड़ी मुश्किल लग रही है।  |  A: मैं तुम्हें आसान तरीके से समझा दूंगा, लाइब्रेरी में मिलते हैं।","मैं तुम्हें आसान तरीके से समझा दूंगा, लाइब्रेरी में मिलते हैं।",neutral,Low,Synthetic-Grooming-PAN12,synthetic,math prep
synth_0043,Hindi,mixed,3,"A: मम्मी पापा को बताकर दोस्तों के साथ पार्क में खेलने आना।  |  B: हाँ, मैंने माँ से पूछ लिया है।  |  A: ठीक है, शाम 5 बजे क्रिकेट खेलेंगे।","ठीक है, शाम 5 बजे क्रिकेट खेलेंगे।",neutral,Low,Synthetic-Grooming-PAN12,synthetic,parent permission
synth_0044,Hindi,mixed,3,A: हिंदी के प्रोजेक्ट की फाइल तैयार हो गई?  |  B: चित्र लगाना बाकी है बस।  |  A: कल सुबह स्कूल में असेंबली से पहले जमा करना है।,कल सुबह स्कूल में असेंबली से पहले जमा करना है।,neutral,Low,Synthetic-Grooming-PAN12,synthetic,project deadline
synth_0045,Hindi,mixed,3,"A: आज इतिहास वाले सर ने क्या पढ़ाया?  |  B: मुगल काल के बारे में चर्चा हुई थी।  |  A: मुझे अपनी कॉपी दे देना, मैं नोट्स बना लूंगा।","मुझे अपनी कॉपी दे देना, मैं नोट्स बना लूंगा।",neutral,Low,Synthetic-Grooming-PAN12,synthetic,class notes
synth_0046,Hindi,mixed,3,"A: क्या कल स्कूल की छुट्टी है?  |  B: हाँ, त्योहार की वजह से अवकाश है।  |  A: अच्छा हुआ, पेंडिंग असाइनमेंट पूरा हो जाएगा।","अच्छा हुआ, पेंडिंग असाइनमेंट पूरा हो जाएगा।",neutral,Low,Synthetic-Grooming-PAN12,synthetic,holiday notice
synth_0047,Hindi,mixed,3,"A: ड्राइंग कॉम्पिटिशन में भाग ले रहे हो?  |  B: हाँ, पर्यावरण दिवस पर पेंटिंग बनाऊंगा।  |  A: बहुत बढ़िया विचार है, शुभकामनाएं!","बहुत बढ़िया विचार है, शुभकामनाएं!",neutral,Low,Synthetic-Grooming-PAN12,synthetic,competition
synth_0048,Hindi,mixed,3,"A: आज लंच में क्या लाए हो?  |  B: माँ ने पनीर के पराठे बनाए हैं।  |  A: अरे वाह, दोनों मिलकर शेयर करेंगे।","अरे वाह, दोनों मिलकर शेयर करेंगे।",neutral,Low,Synthetic-Grooming-PAN12,synthetic,lunch sharing
synth_0049,Hindi,mixed,3,"A: बस स्टॉप पर कितनी देर में पहुंचोगे?  |  B: पाँच मिनट में निकल रहा हूँ।  |  A: जल्दी आओ, स्कूल बस आने वाली है।","जल्दी आओ, स्कूल बस आने वाली है।",neutral,Low,Synthetic-Grooming-PAN12,synthetic,bus stop
synth_0050,Hindi,mixed,3,A: वार्षिक उत्सव में कौन सा गाना गा रहे हो?  |  B: देशभक्ति गीत की तैयारी चल रही है।  |  A: प्रैक्टिस के लिए संगीत कक्ष में चलना।,प्रैक्टिस के लिए संगीत कक्ष में चलना।,neutral,Low,Synthetic-Grooming-PAN12,synthetic,music practice
synth_0051,Hindi,mixed,3,"A: क्या तुम्हें कल का होमवर्क समझ आया?  |  B: सर ने जो ब्लैकबोर्ड पर लिखा था वो नोट किया है।  |  A: शुक्रिया, मैं अभी लिख लेता हूँ।","शुक्रिया, मैं अभी लिख लेता हूँ।",neutral,Low,Synthetic-Grooming-PAN12,synthetic,blackboard notes
synth_0052,Hindi,mixed,3,"A: शाम को बैडमिंटन खेलने चलोगे?  |  B: माँ से पूछकर बताता हूँ।  |  A: हाँ, बिना बताए कहीं मत जाना।","हाँ, बिना बताए कहीं मत जाना।",neutral,Low,Synthetic-Grooming-PAN12,synthetic,ask parents first
synth_0053,Hindi,mixed,3,"A: कंप्यूटर लैब में नया सॉफ्टवेयर इंस्टॉल हुआ है।  |  B: स्क्रैच प्रोग्रामिंग सीखेंगे अब।  |  A: हाँ, गेम बनाना बहुत मजेदार होगा।","हाँ, गेम बनाना बहुत मजेदार होगा।",neutral,Low,Synthetic-Grooming-PAN12,synthetic,computer lab
synth_0054,Hindi,mixed,3,"A: मेरे पास साइंस की अतिरिक्त किताब है।  |  B: क्या मैं दो दिन के लिए पढ़ सकता हूँ?  |  A: बिल्कुल, कल स्कूल ले आऊंगा।","बिल्कुल, कल स्कूल ले आऊंगा।",neutral,Low,Synthetic-Grooming-PAN12,synthetic,book sharing
synth_0055,Hindi,mixed,3,"A: आज पीटीआई सर ने नई एक्सरसाइज सिखाई।  |  B: हाँ, योग दिवस की तैयारी करवा रहे थे।  |  A: सुबह जल्दी उठने की आदत अच्छी है।",सुबह जल्दी उठने की आदत अच्छी है।,neutral,Low,Synthetic-Grooming-PAN12,synthetic,physical training
synth_0056,Hindi,mixed,3,"A: टीचर ने कहा है इंटरनेट पर किसी अनजान से अपनी जानकारी साझा मत करना।  |  B: हाँ, कल की कार्यशाला में यही सिखाया था।  |  A: अगर कोई परेशान करे तो तुरंत माता-पिता को बताना चाहिए।",अगर कोई परेशान करे तो तुरंत माता-पिता को बताना चाहिए।,neutral,Low,Synthetic-Grooming-PAN12,synthetic,safety advice
synth_0057,Hindi,mixed,3,"A: किसी अनजान व्यक्ति को अपनी तस्वीर या पता कभी मत भेजना।  |  B: हाँ, मेरी दीदी ने भी यही समझाया है।  |  A: सुरक्षित रहना सबसे ज्यादा जरूरी है।",सुरक्षित रहना सबसे ज्यादा जरूरी है।,neutral,Low,Synthetic-Grooming-PAN12,synthetic,stranger warning
synth_0058,Hindi,mixed,3,"A: मैं तुम्हें कोई धमकी नहीं दे रहा हूँ।  |  B: मुझे लगा तुम नाराज हो।  |  A: नहीं भाई, सिर्फ खेल का स्कोर बता रहा था।","नहीं भाई, सिर्फ खेल का स्कोर बता रहा था।",neutral,Low,Synthetic-Grooming-PAN12,synthetic,negation threat
synth_0059,Hindi,mixed,3,A: मेरे दोस्त ने मुझे जन्मदिन पर सुंदर पेन गिफ्ट किया।  |  B: बहुत प्यारा पेन है।  |  A: हम सबने क्लास में टॉफियां बांटी।,हम सबने क्लास में टॉफियां बांटी।,neutral,Low,Synthetic-Grooming-PAN12,synthetic,benign birthday gift
synth_0060,Hindi,mixed,3,"A: सरप्राइज पार्टी के बारे में राहुल को मत बताना।  |  B: चिंता मत करो, शाम को सबको सरप्राइज देंगे।  |  A: उसके माता-पिता को हमने पहले ही बता दिया है।",उसके माता-पिता को हमने पहले ही बता दिया है।,neutral,Low,Synthetic-Grooming-PAN12,synthetic,surprise party
synth_0061,Hindi,mixed,3,A: एक अनजान नंबर से मैसेज आया था।  |  B: तुमने क्या किया?  |  A: मैंने तुरंत पापा को दिखाया और नंबर ब्लॉक कर दिया।,मैंने तुरंत पापा को दिखाया और नंबर ब्लॉक कर दिया।,neutral,Low,Synthetic-Grooming-PAN12,synthetic,blocked stranger
synth_0062,Hindi,mixed,3,"A: साइबर हेल्पलाइन का नंबर 1930 और बच्चों के लिए 1098 है।  |  B: स्कूल की डायरी में भी लिखा हुआ है।  |  A: हाँ, यह जानकारी सबको पता होनी चाहिए।","हाँ, यह जानकारी सबको पता होनी चाहिए।",neutral,Low,Synthetic-Grooming-PAN12,synthetic,helpline knowledge
synth_0063,Hindi,mixed,3,"A: हम ऑनलाइन गेम में टीम बनाकर खेल रहे थे।  |  B: अपोजिट टीम बहुत अच्छी थी।  |  A: हाँ, उन्होंने हमें मैच में हरा दिया लेकिन मजा आया।","हाँ, उन्होंने हमें मैच में हरा दिया लेकिन मजा आया।",neutral,Low,Synthetic-Grooming-PAN12,synthetic,game loss
synth_0064,Hindi,mixed,3,"A: सोशल मीडिया पर अपनी लोकेशन कभी शेयर नहीं करनी चाहिए।  |  B: सही बात है, इससे प्राइवेसी बनी रहती है।  |  A: हमेशा सतर्क रहना चाहिए।",हमेशा सतर्क रहना चाहिए।,neutral,Low,Synthetic-Grooming-PAN12,synthetic,privacy caution
synth_0065,Hindi,mixed,3,A: मैंने कोई गलत काम नहीं किया है।  |  B: मुझे तुम पर पूरा भरोसा है दोस्त।  |  A: चलो सच-सच टीचर को बता देते हैं।,चलो सच-सच टीचर को बता देते हैं।,neutral,Low,Synthetic-Grooming-PAN12,synthetic,telling truth
synth_0066,Hindi,mixed,3,"A: घर के बड़ों से कोई भी जरूरी बात छुपानी नहीं चाहिए।  |  B: हाँ, माँ हमेशा सही सलाह देती हैं।  |  A: किसी भी संकोच के बिना बात करनी चाहिए।",किसी भी संकोच के बिना बात करनी चाहिए।,neutral,Low,Synthetic-Grooming-PAN12,synthetic,open communication
synth_0067,Hindi,mixed,3,"A: क्या तुमने नया पासवर्ड सेट किया?  |  B: हाँ, ऐसा जो किसी को आसानी से पता न चले।  |  A: बहुत अच्छा, अपना पासवर्ड कभी दोस्तों को भी मत दो।","बहुत अच्छा, अपना पासवर्ड कभी दोस्तों को भी मत दो।",neutral,Low,Synthetic-Grooming-PAN12,synthetic,password security
synth_0068,Hindi,mixed,3,A: खेलते वक्त चोट तो नहीं लगी?  |  B: थोड़ा घुटना छिल गया था।  |  A: फर्स्ट एड बॉक्स से दवाई लगा ली ना? ध्यान रखा करो।,फर्स्ट एड बॉक्स से दवाई लगा ली ना? ध्यान रखा करो।,neutral,Low,Synthetic-Grooming-PAN12,synthetic,caring friend
synth_0069,Hindi,mixed,3,"A: क्या हम सब मिलकर ग्रुप स्टडी करें?  |  B: हाँ, शनिवार दोपहर को सब मेरे घर आ जाओ।  |  A: सबके माता-पिता से अनुमति ले ली है।",सबके माता-पिता से अनुमति ले ली है।,neutral,Low,Synthetic-Grooming-PAN12,synthetic,group study with permission
synth_0070,Hindi,mixed,3,"A: उसने खेल में मुझे पूरी तरह पछाड़ दिया।  |  B: अरे अगली बार तुम जीतोगे!  |  A: हाँ, खेल भावना से खेलना चाहिए।","हाँ, खेल भावना से खेलना चाहिए।",neutral,Low,Synthetic-Grooming-PAN12,synthetic,gaming defeat benign
synth_0071,Hinglish,mixed,3,"A: Kal homework saath mein karte hain?  |  B: Haan chalega, mere ghar aaja.  |  A: Done, mummy ko bhi bata diya hai maine.","Done, mummy ko bhi bata diya hai maine.",neutral,Low,Synthetic-Grooming-PAN12,synthetic,homework parent told
synth_0072,Hinglish,mixed,3,"A: Aaj match mast tha yaar, tune pura game carry kiya!  |  B: Haha clutch moment mein bach gaya.  |  A: Kal squad match mein milte hain.",Kal squad match mein milte hain.,neutral,Low,Synthetic-Grooming-PAN12,synthetic,gaming slang
synth_0073,Hinglish,mixed,3,"A: Aaj game killer tha yaar, tune mujhe match mein destroy kar diya!  |  B: Bhai wo headshot lucky tha.  |  A: Next round mein revenge match hoga.",Next round mein revenge match hoga.,neutral,Low,Synthetic-Grooming-PAN12,synthetic,benign killer destroy slang
synth_0074,Hinglish,mixed,3,"A: Teacher ne bola koi photo maange toh mat bhejna aur parents ko batana.  |  B: Sahi bola, online strangers se door hi rehna chahiye.  |  A: Always safe side rehna better hai.",Always safe side rehna better hai.,neutral,Low,Synthetic-Grooming-PAN12,synthetic,safety advice
synth_0075,Hinglish,mixed,3,"A: Main dhamki nahi de raha aur mujhe tumhari private details nahi chahiye.  |  B: Acha mujhe laga serious baat hai.  |  A: Arrey chill, bas science notes maang raha tha.","Arrey chill, bas science notes maang raha tha.",neutral,Low,Synthetic-Grooming-PAN12,synthetic,explicit threat negation
synth_0076,Hinglish,mixed,3,A: Group chat mein address mat likho kisi ka.  |  B: Haan privacy rules follow karte hain.  |  A: Project ki details direct call pe discuss kar lenge.,Project ki details direct call pe discuss kar lenge.,neutral,Low,Synthetic-Grooming-PAN12,synthetic,group privacy
synth_0077,Hinglish,mixed,3,A: Birthday surprise ki planning alag group mein karte hain.  |  B: Haan Rohan ko pata nahi chalna chahiye.  |  A: Sabke parents ko already invite bhej diya hai.,Sabke parents ko already invite bhej diya hai.,neutral,Low,Synthetic-Grooming-PAN12,synthetic,surprise party parents aware
synth_0078,Hinglish,mixed,3,"A: Bro tuition kitne baje khatam hogi?  |  B: Around 6 PM, physics sir test le rahe hain.  |  A: Theek hai, bahar wait karunga.","Theek hai, bahar wait karunga.",neutral,Low,Synthetic-Grooming-PAN12,synthetic,tuition wait
synth_0079,Hinglish,mixed,3,"A: Ye formula samajh nahi aa raha trigonometry ka.  |  B: Ruk video call pe screen share karke samjhata hoon.  |  A: Thanks bhai, life bacha li.","Thanks bhai, life bacha li.",neutral,Low,Synthetic-Grooming-PAN12,synthetic,study help
synth_0080,Hinglish,mixed,4,"A: Kal PT dress pehen ke aana hai kya?  |  B: Haan Wednesday hai na, white uniform.  |  A: Shit mera badge kho gaya, extra hai kya?  |  B: Haan spare badge le aaunga.",Haan spare badge le aaunga.,neutral,Low,Synthetic-Grooming-PAN12,synthetic,school uniform
synth_0081,Hinglish,mixed,3,A: Exam center ka admit card download kiya?  |  B: Haan papa ne printout nikaal diya.  |  A: Principal ke sign karwane honge kal.,Principal ke sign karwane honge kal.,neutral,Low,Synthetic-Grooming-PAN12,synthetic,admit card
synth_0082,Hinglish,mixed,3,A: Bhai canteen mein samosa khayenge?  |  B: Mere paas lunch box hai mummy ne banaya.  |  A: Chal share kar lete hain dono.,Chal share kar lete hain dono.,neutral,Low,Synthetic-Grooming-PAN12,synthetic,canteen lunch
synth_0083,Hinglish,mixed,3,"A: Kal match mein umpire ne dead ball declare kar diya tha.  |  B: Haan clearly wide thi ball.  |  A: Koi nahi, agla tournament jeetenge.","Koi nahi, agla tournament jeetenge.",neutral,Low,Synthetic-Grooming-PAN12,synthetic,cricket discussion
synth_0084,Hinglish,mixed,3,"A: Bhai internet pe random logon ko accept mat kiya kar.  |  B: Haan meri profile private hi hai.  |  A: Good, unknown friend requests decline kar diya kar.","Good, unknown friend requests decline kar diya kar.",neutral,Low,Synthetic-Grooming-PAN12,synthetic,cyber caution
synth_0085,Hinglish,mixed,3,A: Meri behen ne mujhe nayi cycle gift ki pass hone par.  |  B: Arrey congratulations yaar!  |  A: Kal subah ride pe chalte hain colony mein.,Kal subah ride pe chalte hain colony mein.,neutral,Low,Synthetic-Grooming-PAN12,synthetic,benign cycle gift
synth_0086,Hinglish,mixed,3,A: Bhai class mein sabka roast ho gaya aaj.  |  B: Sir ne sabko stand up karwaya assignment na karne pe.  |  A: Haha ab kal tak complete karna padega.,Haha ab kal tak complete karna padega.,neutral,Low,Synthetic-Grooming-PAN12,synthetic,teacher scolding benign
synth_0087,Hinglish,mixed,3,A: Kisi unknown site pe apna number mat daalna.  |  B: Haan phishing scam ho sakta hai.  |  A: Teacher ne cyber security week mein bataya tha.,Teacher ne cyber security week mein bataya tha.,neutral,Low,Synthetic-Grooming-PAN12,synthetic,phishing warning
synth_0088,Hinglish,mixed,3,"A: Yaar ye level itna hard hai, main 10 baar mar chuka hoon!  |  B: Left side se dodge kar ke jump mar.  |  A: Wah trick kaam kar gayi, checkpoint mil gaya!","Wah trick kaam kar gayi, checkpoint mil gaya!",neutral,Low,Synthetic-Grooming-PAN12,synthetic,gaming retry
synth_0089,Hinglish,mixed,3,A: Tu mere saath library chal raha hai kya?  |  B: Mummy se permission leke 10 minute mein batata hoon.  |  A: Haan permission leke hi aana.,Haan permission leke hi aana.,neutral,Low,Synthetic-Grooming-PAN12,synthetic,library with permission
synth_0090,Hinglish,mixed,3,"A: Tune school bus miss kar di kya?  |  B: Haan subah late utha tha, papa drop kar rahe hain.  |  A: First period se pehle pohach jana.",First period se pehle pohach jana.,neutral,Low,Synthetic-Grooming-PAN12,synthetic,missed bus
synth_0091,Hinglish,mixed,3,"A: Roblox pe mere sath class group banaye?  |  B: Haan bas class ke bache hone chahiye usme.  |  A: Bilkul, no outsiders allowed.","Bilkul, no outsiders allowed.",neutral,Low,Synthetic-Grooming-PAN12,synthetic,gaming class group
synth_0092,Hinglish,mixed,3,A: Sports teacher bol rahe the inter-school football trials hain.  |  B: Tu striker position ke liye try kar.  |  A: Haan practice karni padegi roz sham ko.,Haan practice karni padegi roz sham ko.,neutral,Low,Synthetic-Grooming-PAN12,synthetic,football trials
synth_0093,Hinglish,mixed,3,A: Kisine class desk pe ink gira di.  |  B: Monitor ko bol ke safai karwao.  |  A: Haan teacher ke aane se pehle theek karte hain.,Haan teacher ke aane se pehle theek karte hain.,neutral,Low,Synthetic-Grooming-PAN12,synthetic,classroom incident
synth_0094,Hinglish,mixed,4,"A: Main kal class nahi aa paunga, fever hai.  |  B: Get well soon bhai!  |  A: Notes ki photo bhej dena sham ko.  |  B: Haan pakka bhej dunga, aaram kar.","Haan pakka bhej dunga, aaram kar.",neutral,Low,Synthetic-Grooming-PAN12,synthetic,illness notes
synth_0095,Hinglish,mixed,3,A: Cyber crime helpline number 1930 note kar le.  |  B: Haan phone mein save kar liya.  |  A: Koi bhi fraud ho toh turant report karna chahiye.,Koi bhi fraud ho toh turant report karna chahiye.,neutral,Low,Synthetic-Grooming-PAN12,synthetic,helpline note
synth_0096,Malayalam,mixed,3,"A: ഇന്ന് സ്കൂൾ എങ്ങനെ ഉണ്ടായിരുന്നു?  |  B: നല്ല ദിവസമായിരുന്നു, കണക്ക് പരീക്ഷ എളുപ്പമായിരുന്നു.  |  A: നമുക്ക് വൈകുന്നേരം ഒരുമിച്ച് ഇരുന്ന് പഠിക്കാം.",നമുക്ക് വൈകുന്നേരം ഒരുമിച്ച് ഇരുന്ന് പഠിക്കാം.,neutral,Low,Synthetic-Grooming-PAN12,synthetic,school day
synth_0097,Malayalam,mixed,3,"A: അമ്മയോട് ചോദിച്ചിട്ട് കളിക്കാൻ വരൂ.  |  B: അമ്മ സമ്മതിച്ചു, 5 മണിക്ക് ഗ്രൗണ്ടിൽ എത്താം.  |  A: ബാറ്റും പന്തും ഞാൻ കൊണ്ടുവരാം.",ബാറ്റും പന്തും ഞാൻ കൊണ്ടുവരാം.,neutral,Low,Synthetic-Grooming-PAN12,synthetic,parent permission
synth_0098,Malayalam,mixed,3,"A: ആരെങ്കിലും നിന്നെ ശല്യം ചെയ്താൽ ഉടൻ അധ്യാപകനോട് പറയണം.  |  B: അതെ, സ്കൂളിൽ കൗൺസിലർ അങ്ങനെ പറഞ്ഞിട്ടുണ്ട്.  |  A: എപ്പോഴും സുരക്ഷിതമായിരിക്കണം.",എപ്പോഴും സുരക്ഷിതമായിരിക്കണം.,neutral,Low,Synthetic-Grooming-PAN12,synthetic,safety advice
synth_0099,Malayalam,mixed,3,A: നാളെ നമുക്ക് കൂട്ടുകാരോടൊപ്പം പ്രോജക്ട് ചെയ്യാം.  |  B: എവിടെയാണ് ഒത്തുകൂടുന്നത്?  |  A: സ്കൂൾ ലൈബ്രറിയിൽ വെച്ച് ചെയ്യാം.,സ്കൂൾ ലൈബ്രറിയിൽ വെച്ച് ചെയ്യാം.,neutral,Low,Synthetic-Grooming-PAN12,synthetic,project study
synth_0100,Malayalam,mixed,3,"A: നിന്റെ അനുവാദമില്ലാതെ ചിത്രങ്ങൾ ആരുമായും പങ്കിടില്ല.  |  B: ശരി, എനിക്ക് താല്പര്യമില്ലെങ്കിൽ ഫോട്ടോ എടുക്കേണ്ട.  |  A: തീർച്ചയായും, നിന്റെ സ്വകാര്യത ഞാൻ ബഹുമാനിക്കുന്നു.","തീർച്ചയായും, നിന്റെ സ്വകാര്യത ഞാൻ ബഹുമാനിക്കുന്നു.",neutral,Low,Synthetic-Grooming-PAN12,synthetic,respect privacy
synth_0101,Malayalam,mixed,3,"A: സ്കൂളിലെ പരിപാടിയുടെ ചിത്രങ്ങൾ ഗ്രൂപ്പിൽ ഇടുന്നതിന് മുമ്പ് എല്ലാവരുടെയും സമ്മതം ചോദിക്കാം.  |  B: അതാണ് നല്ല മര്യാദ.  |  A: അതെ, എല്ലാവരുടെയും അനുമതി വേണം.","അതെ, എല്ലാവരുടെയും അനുമതി വേണം.",neutral,Low,Synthetic-Grooming-PAN12,synthetic,photo consent
synth_0102,Malayalam,mixed,3,"A: സ്വകാര്യ വിവരങ്ങൾ അപരിചിതരുമായി പങ്കിടരുത്.  |  B: അതെ, ഓൺലൈനിൽ ജാഗ്രത വേണം.  |  A: വിശ്വാസമുള്ള മുതിർന്നവരോട് എപ്പോഴും കാര്യങ്ങൾ പറയണം.",വിശ്വാസമുള്ള മുതിർന്നവരോട് എപ്പോഴും കാര്യങ്ങൾ പറയണം.,neutral,Low,Synthetic-Grooming-PAN12,synthetic,online caution
synth_0103,Malayalam,mixed,3,A: ഇന്നത്തെ ഫുട്ബോൾ കളി വളരെ ആവേശകരമായിരുന്നു!  |  B: നിങ്ങൾ അടിച്ച ഗോൾ മനോഹരമായിരുന്നു.  |  A: നല്ല ടീം വർക്ക് ഉണ്ടായിരുന്നു.,നല്ല ടീം വർക്ക് ഉണ്ടായിരുന്നു.,neutral,Low,Synthetic-Grooming-PAN12,synthetic,football match
synth_0104,Malayalam,mixed,3,A: ഓണത്തിന് സ്കൂളിൽ പൂക്കളം ഇടാൻ പൂക്കൾ വാങ്ങണ്ടേ?  |  B: നാളെ രാവിലെ എല്ലാവരും പൂക്കൾ കൊണ്ടുവരാൻ ടീച്ചർ പറഞ്ഞു.  |  A: ഞാൻ ചെണ്ടുമല്ലി പൂക്കൾ കൊണ്ടുവരാം.,ഞാൻ ചെണ്ടുമല്ലി പൂക്കൾ കൊണ്ടുവരാം.,neutral,Low,Synthetic-Grooming-PAN12,synthetic,onam festival
synth_0105,Malayalam,mixed,3,"A: നാളെ സയൻസ് എക്സിബിഷൻ ഉണ്ട്, മോഡൽ റെഡിയായോ?  |  B: വോൾക്കാനോ മോഡൽ പൂർത്തിയായി.  |  A: അടിപൊളി, സമ്മാനം കിട്ടാൻ സാധ്യതയുണ്ട്.","അടിപൊളി, സമ്മാനം കിട്ടാൻ സാധ്യതയുണ്ട്.",neutral,Low,Synthetic-Grooming-PAN12,synthetic,science exhibition
synth_0106,Malayalam,mixed,3,"A: കമ്പ്യൂട്ടർ പരീക്ഷയ്ക്ക് എന്തൊക്കെ പഠിക്കണം?  |  B: ആദ്യത്തെ മൂന്ന് ചാപ്റ്ററുകൾ.  |  A: ശരി, ഇന്ന് രാത്രി റിവിഷൻ ചെയ്യാം.","ശരി, ഇന്ന് രാത്രി റിവിഷൻ ചെയ്യാം.",neutral,Low,Synthetic-Grooming-PAN12,synthetic,exam revision
synth_0107,Malayalam,mixed,3,"A: അപരിചിതരിൽ നിന്ന് ചോക്ലേറ്റോ സമ്മാനങ്ങളോ വാങ്ങരുത്.  |  B: അമ്മ എപ്പോഴും അത് ഓർമ്മിപ്പിക്കാറുണ്ട്.  |  A: അതെ, അപരിചിതരെ സൂക്ഷിക്കണം.","അതെ, അപരിചിതരെ സൂക്ഷിക്കണം.",neutral,Low,Synthetic-Grooming-PAN12,synthetic,stranger gift warning
synth_0108,Malayalam,mixed,3,A: ക്ലാസ് പിക്കിനിക്കിന് എങ്ങോട്ടാണ് പോകുന്നത്?  |  B: വാണ്ടർലായിലേക്ക് ആണെന്ന് ടീച്ചർ പറഞ്ഞു.  |  A: വീട്ടിൽ അനുവാദം ചോദിക്കണം ആദ്യം.,വീട്ടിൽ അനുവാദം ചോദിക്കണം ആദ്യം.,neutral,Low,Synthetic-Grooming-PAN12,synthetic,picnic permission
synth_0109,Malayalam,mixed,3,"A: നിന്റെ സൈക്കിൾ ഒന്നു തരുമോ, കടയിൽ പോകാൻ?  |  B: എടുത്തോളൂ, സൂക്ഷിച്ച് ഓടിക്കണം.  |  A: താങ്ക്സ്, പത്ത് മിനിറ്റിൽ തിരികെ തരാം.","താങ്ക്സ്, പത്ത് മിനിറ്റിൽ തിരികെ തരാം.",neutral,Low,Synthetic-Grooming-PAN12,synthetic,borrow bicycle
synth_0110,Malayalam,mixed,3,A: ഓൺലൈൻ ഗെയിമിൽ അപരിചിതർ മെസ്സേജ് അയച്ചാൽ എന്തുചെയ്യും?  |  B: ഉടൻ ബ്ലോക്ക് ചെയ്യുകയും അച്ഛനോട് പറയുകയും ചെയ്യും.  |  A: വളരെ നല്ല കാര്യം.,വളരെ നല്ല കാര്യം.,neutral,Low,Synthetic-Grooming-PAN12,synthetic,block stranger
synth_0111,Malayalam,mixed,3,"A: ചൈൽഡ് ഹെൽപ്പ് ലൈൻ നമ്പർ 1098 ആണെന്ന് ഓർമ്മയുണ്ടോ?  |  B: ഉണ്ട്, ഏത് ആപത്തിലും കുട്ടികൾക്ക് വിളിക്കാം.  |  A: അതെ, അത് സൗജന്യ നമ്പറാണ്.","അതെ, അത് സൗജന്യ നമ്പറാണ്.",neutral,Low,Synthetic-Grooming-PAN12,synthetic,childline 1098
synth_0112,Malayalam,mixed,3,"A: ഞാൻ നിന്നെ ഭീഷണിപ്പെടുത്തുകയല്ല.  |  B: എനിക്ക് മനസ്സിലായി, തമാശ പറഞ്ഞതാണെന്ന്.  |  A: അതെ, നമ്മൾ നല്ല കൂട്ടുകാരാണ്.","അതെ, നമ്മൾ നല്ല കൂട്ടുകാരാണ്.",neutral,Low,Synthetic-Grooming-PAN12,synthetic,negation of threat
synth_0113,Malayalam,mixed,3,"A: ഗെയിമിൽ നീ എന്നെ തോൽപ്പിച്ചു കളഞ്ഞല്ലോ!  |  B: അടുത്ത തവണ നീ ജയിക്കും, വിഷമിക്കേണ്ട.  |  A: അതെ, സ്പോർട്സ്മാൻ സ്പിരിറ്റ് വേണം.","അതെ, സ്പോർട്സ്മാൻ സ്പിരിറ്റ് വേണം.",neutral,Low,Synthetic-Grooming-PAN12,synthetic,benign game defeat
synth_0114,Malayalam,mixed,3,"A: സ്കൂൾ ബാഗ് വളരെ ഭാരമുള്ളതാണ് ഇന്ന്.  |  B: ടൈംടേബിൾ നോക്കി പുസ്തകങ്ങൾ എടുത്താൽ മതി.  |  A: ശരിയാണ്, ആവശ്യമില്ലാത്ത പുസ്തകങ്ങൾ ഒഴിവാക്കാം.","ശരിയാണ്, ആവശ്യമില്ലാത്ത പുസ്തകങ്ങൾ ഒഴിവാക്കാം.",neutral,Low,Synthetic-Grooming-PAN12,synthetic,school bag
synth_0115,Malayalam,mixed,3,"A: നമുക്ക് ഒരുമിച്ച് ചെസ്സ് കളിക്കാം.  |  B: എനിക്ക് നീക്കങ്ങൾ പഠിപ്പിച്ചു തരുമോ?  |  A: തീർച്ചയായും, വളരെ എളുപ്പമാണ്.","തീർച്ചയായും, വളരെ എളുപ്പമാണ്.",neutral,Low,Synthetic-Grooming-PAN12,synthetic,chess game
synth_0116,Manglish,mixed,3,A: Naale namukku friends inte koode kalikkam.  |  B: Ammayodu paranjittu varam.  |  A: Athe ammayude permission vangittu vaa.,Athe ammayude permission vangittu vaa.,neutral,Low,Synthetic-Grooming-PAN12,synthetic,ask permission
synth_0117,Manglish,mixed,3,A: Homework cheytho?  |  B: Maths kurachu baaki undu.  |  A: Namukku evening call cheythu doubt theerkkam.,Namukku evening call cheythu doubt theerkkam.,neutral,Low,Synthetic-Grooming-PAN12,synthetic,homework study
synth_0118,Manglish,mixed,3,"A: Aarenkilum budhimuttichaal teacher nodu parayanam.  |  B: Athe, cyber cell number schoolil paranju thannittundu.  |  A: Safe aayi irikkanam online il.",Safe aayi irikkanam online il.,neutral,Low,Synthetic-Grooming-PAN12,synthetic,safety guidance
synth_0119,Manglish,mixed,3,A: Game il nee enne kollam adichu tholppichu!  |  B: Haha adutha roundil nee enikku thirichu tharum.  |  A: Adutha matchil kaanam machane.,Adutha matchil kaanam machane.,neutral,Low,Synthetic-Grooming-PAN12,synthetic,benign gaming slang
synth_0120,Manglish,mixed,3,"A: Njan ninne thallaan onnum paranjathalla.  |  B: Ariyaam da, chumma thamasha paranjathalle.  |  A: Pinne allathe, nammal best friends alle.","Pinne allathe, nammal best friends alle.",neutral,Low,Synthetic-Grooming-PAN12,synthetic,negation
synth_0121,Manglish,mixed,3,"A: Unknown accounts friend request ayachaal accept cheyyaruthu.  |  B: Njan private account aane vechirikkunnathu.  |  A: Good, athanu safe.","Good, athanu safe.",neutral,Low,Synthetic-Grooming-PAN12,synthetic,privacy caution
synth_0122,Manglish,mixed,3,"A: Online class project submit cheytho?  |  B: Mail ayachu, teacher reply thannu.  |  A: Awesome, appol tension theernnu.","Awesome, appol tension theernnu.",neutral,Low,Synthetic-Grooming-PAN12,synthetic,project submission
synth_0123,Manglish,mixed,3,"A: Naale school bus time maariyo?  |  B: Illa 8 AM nu thanne varum.  |  A: Ok, morning kaanam.","Ok, morning kaanam.",neutral,Low,Synthetic-Grooming-PAN12,synthetic,bus time
synth_0124,Manglish,mixed,3,"A: Birthday gift aayi chechi book tharunnundu.  |  B: Ethu book aanu?  |  A: Harry Potter series, vaayikkan nalla rasama.","Harry Potter series, vaayikkan nalla rasama.",neutral,Low,Synthetic-Grooming-PAN12,synthetic,benign book gift
synth_0125,Manglish,mixed,3,"A: Drawing competition nu paint box kondu varumo?  |  B: Njan extra oil pastels kondu varam.  |  A: Thanks da, valare upakaram.","Thanks da, valare upakaram.",neutral,Low,Synthetic-Grooming-PAN12,synthetic,art supplies
synth_0126,Manglish,mixed,3,A: Cyber helpline 1930 note cheytho.  |  B: Phone il save cheythu vechirikkunnu.  |  A: Eppozhum ready aayi irikkanam.,Eppozhum ready aayi irikkanam.,neutral,Low,Synthetic-Grooming-PAN12,synthetic,helpline info
synth_0127,Manglish,mixed,3,"A: Ente photo aarum share cheyyaruthu please.  |  B: Illa da, permission illaathe aarum share cheyyilla.  |  A: Thank you da for understanding.",Thank you da for understanding.,neutral,Low,Synthetic-Grooming-PAN12,synthetic,photo consent
synth_0128,Manglish,mixed,3,"A: Football match il referee wrong foul vilichu.  |  B: Athu vishayam aakkanda, kalicha reethi nannaayirunnu.  |  A: Athe, next matchil nammal win cheyyum.","Athe, next matchil nammal win cheyyum.",neutral,Low,Synthetic-Grooming-PAN12,synthetic,match spirit
synth_0129,Manglish,mixed,3,A: Tuition sir test paper thanno?  |  B: Naale mark parayaam ennu paranju.  |  A: Full mark kittum ennu vishwasikkaam.,Full mark kittum ennu vishwasikkaam.,neutral,Low,Synthetic-Grooming-PAN12,synthetic,tuition test
synth_0130,Manglish,mixed,3,A: Veettukaarodu parayaathe engottum pokaruthu.  |  B: Athe eppozhum ammayodu paranjitte pookarullu.  |  A: Athanu nallathu.,Athanu nallathu.,neutral,Low,Synthetic-Grooming-PAN12,synthetic,tell family
synth_0131,English,roman,3,"A: Did you practice the violin piece for assembly?  |  B: Yes, worked on the second movement yesterday.  |  A: You sound great, teacher will be proud.","You sound great, teacher will be proud.",neutral,Low,Synthetic-Grooming-PAN12,synthetic,music practice
synth_0132,English,roman,3,"A: We need one more player for 5-a-side football.  |  B: Can I join? My shoes are in my locker.  |  A: Yes please, meet at the turf field in 10 minutes.","Yes please, meet at the turf field in 10 minutes.",neutral,Low,Synthetic-Grooming-PAN12,synthetic,football team
synth_0133,English,roman,3,"A: My sister helped me solve the physics numericals.  |  B: Physics with vectors is so tough.  |  A: She explained using diagrams, I can show you tomorrow.","She explained using diagrams, I can show you tomorrow.",neutral,Low,Synthetic-Grooming-PAN12,synthetic,peer explanation
synth_0134,English,roman,3,A: Who is bringing snacks for the study group?  |  B: My mom packed homemade banana bread.  |  A: Yum! We will finish the history chapter by 5 PM.,Yum! We will finish the history chapter by 5 PM.,neutral,Low,Synthetic-Grooming-PAN12,synthetic,study snacks
synth_0135,English,roman,3,"A: Did you download the scratch programming assignment?  |  B: Yes, made an animation of a jumping cat.  |  A: That is so cool, show me during computer period.","That is so cool, show me during computer period.",neutral,Low,Synthetic-Grooming-PAN12,synthetic,scratch animation
synth_0136,English,roman,3,"A: Make sure you wear sunscreen for sports day.  |  B: Thanks for the reminder, it is going to be hot.  |  A: Stay hydrated too, bring your water bottle.","Stay hydrated too, bring your water bottle.",neutral,Low,Synthetic-Grooming-PAN12,synthetic,sports day care
synth_0137,English,roman,3,"A: Are we going to the museum field trip on Friday?  |  B: Yes, got my permission slip signed by dad.  |  A: Remember to bring a notebook for the dinosaur exhibit.",Remember to bring a notebook for the dinosaur exhibit.,neutral,Low,Synthetic-Grooming-PAN12,synthetic,field trip permission
synth_0138,English,roman,3,"A: Good job winning the spelling bee today!  |  B: I was so scared on the word 'renaissance'.  |  A: You spelled it perfectly, congratulations!","You spelled it perfectly, congratulations!",neutral,Low,Synthetic-Grooming-PAN12,synthetic,spelling bee
synth_0139,English,roman,3,"A: Did the school bus break down?  |  B: A flat tire, mechanic is fixing it now.  |  A: Teacher called our parents to let them know we will be 20 mins late.",Teacher called our parents to let them know we will be 20 mins late.,neutral,Low,Synthetic-Grooming-PAN12,synthetic,bus flat tire
synth_0140,English,roman,3,"A: Can you help me set up the microscope in biology?  |  B: Sure, make sure the slide is centered.  |  A: Look, plant cells with chloroplasts! Awesome.","Look, plant cells with chloroplasts! Awesome.",neutral,Low,Synthetic-Grooming-PAN12,synthetic,biology lab
synth_0141,English,roman,3,"A: I forgot my geometry compass today.  |  B: Here, use my spare one.  |  A: Thank you, drawing circles without it is impossible.","Thank you, drawing circles without it is impossible.",neutral,Low,Synthetic-Grooming-PAN12,synthetic,geometry class
synth_0142,English,roman,3,A: What are you reading for English book report?  |  B: Percy Jackson and the Lightning Thief.  |  A: I loved that book! The Greek mythology parts are great.,I loved that book! The Greek mythology parts are great.,neutral,Low,Synthetic-Grooming-PAN12,synthetic,book recommendation
synth_0143,English,roman,3,"A: Are you auditioning for the school play?  |  B: Trying out for the narrator role.  |  A: You have a clear voice, you will do great.","You have a clear voice, you will do great.",neutral,Low,Synthetic-Grooming-PAN12,synthetic,drama audition
synth_0144,English,roman,3,"A: My mom said you can stay for dinner after badminton.  |  B: Let me call my dad and check first.  |  A: Sure, tell him dinner will be done by 8 PM.","Sure, tell him dinner will be done by 8 PM.",neutral,Low,Synthetic-Grooming-PAN12,synthetic,dinner parent call
synth_0145,English,roman,3,A: The robotics team won second place!  |  B: Our line-following robot worked without errors.  |  A: Trophy will be displayed in the principal's office.,Trophy will be displayed in the principal's office.,neutral,Low,Synthetic-Grooming-PAN12,synthetic,robotics award
synth_0146,Hindi,mixed,3,"A: कल विज्ञान मेले में कौन सा मॉडल लेकर आ रहे हो?  |  B: जल संरक्षण पर वर्किंग मॉडल बनाया है।  |  A: बहुत उपयोगी विषय है, सबको पसंद आएगा।","बहुत उपयोगी विषय है, सबको पसंद आएगा।",neutral,Low,Synthetic-Grooming-PAN12,synthetic,science fair model
synth_0147,Hindi,mixed,3,"A: क्या तुमने निबंध प्रतियोगिता की तैयारी की?  |  B: स्वच्छ भारत पर निबंध लिख रहा हूँ।  |  A: समय सीमा का ध्यान रखना, 500 शब्द होने चाहिए।","समय सीमा का ध्यान रखना, 500 शब्द होने चाहिए।",neutral,Low,Synthetic-Grooming-PAN12,synthetic,essay competition
synth_0148,Hindi,mixed,3,"A: शाम को कॉलोनी के पार्क में साइकिल रेस होगी।  |  B: मैं भी अपनी साइकिल लेकर आऊंगा।  |  A: हेलमेट पहन कर आना, सुरक्षा पहले है।","हेलमेट पहन कर आना, सुरक्षा पहले है।",neutral,Low,Synthetic-Grooming-PAN12,synthetic,cycle race safety
synth_0149,Hindi,mixed,3,"A: आज संस्कृत वाले सर ने बहुत सुंदर श्लोक सिखाया।  |  B: हाँ, गुरु की महिमा पर था।  |  A: अर्थ भी बहुत गहरा था, डायरी में लिख लिया मैंने।","अर्थ भी बहुत गहरा था, डायरी में लिख लिया मैंने।",neutral,Low,Synthetic-Grooming-PAN12,synthetic,sanskrit shloka
synth_0150,Hindi,mixed,3,"A: मम्मी ने घर पर गाजर का हलवा बनाया है।  |  B: अरे वाह, मुझे भी खिलाओगे?  |  A: हाँ टिफिन में लाया हूँ, लंच में साथ खाएंगे।","हाँ टिफिन में लाया हूँ, लंच में साथ खाएंगे।",neutral,Low,Synthetic-Grooming-PAN12,synthetic,homemade sweet
synth_0151,Hindi,mixed,3,"A: कल सुबह योग दिवस पर जल्दी आना है स्कूल।  |  B: हाँ, सफेद टी-शर्ट और ट्रैक पैंट पहनना है।  |  A: योगा मैट भी साथ ले आना।",योगा मैट भी साथ ले आना।,neutral,Low,Synthetic-Grooming-PAN12,synthetic,yoga day
synth_0152,Hindi,mixed,3,"A: क्या तुम्हारे पास अतिरिक्त पेंसिल है?  |  B: हाँ, शार्पनर भी ले लो।  |  A: धन्यवाद भाई, चित्रकला में काम आएगी।","धन्यवाद भाई, चित्रकला में काम आएगी।",neutral,Low,Synthetic-Grooming-PAN12,synthetic,stationery borrow
synth_0153,Hindi,mixed,3,"A: आज क्रिकेट मैच में तुमने शानदार कैच पकड़ा!  |  B: गेंद बहुत तेज आ रही थी, पर हाथ से फिसली नहीं।  |  A: उसी कैच से मैच का पासा पलट गया।",उसी कैच से मैच का पासा पलट गया।,neutral,Low,Synthetic-Grooming-PAN12,synthetic,cricket catch
synth_0154,Hindi,mixed,3,"A: कक्षा में बोर्ड पर लिखी तारीख सही कर दो कोई।  |  B: हाँ, आज 15 तारीख है।  |  A: चौक से लिख दिया मैंने।",चौक से लिख दिया मैंने।,neutral,Low,Synthetic-Grooming-PAN12,synthetic,classroom date
synth_0155,Hindi,mixed,3,"A: दादाजी ने मुझे आज पंचतंत्र की कहानी सुनाई।  |  B: कछुए और खरगोश वाली?  |  A: नहीं, शेर और समझदार खरगोश की। बहुत सीख मिली।","नहीं, शेर और समझदार खरगोश की। बहुत सीख मिली।",neutral,Low,Synthetic-Grooming-PAN12,synthetic,storytelling
synth_0156,Hindi,mixed,3,A: हम सब मिलकर पौधे लगाने का अभियान चला रहे हैं।  |  B: मैंने घर से नीम का पौधा मंगाया है।  |  A: स्कूल के पीछे वाले बगीचे में लगाएंगे।,स्कूल के पीछे वाले बगीचे में लगाएंगे।,neutral,Low,Synthetic-Grooming-PAN12,synthetic,tree plantation
synth_0157,Hindi,mixed,3,"A: मौसम कितना सुहावना है आज।  |  B: हाँ, हल्की-हल्की बारिश हो रही है।  |  A: छाता संभाल कर रखना, भीग मत जाना।","छाता संभाल कर रखना, भीग मत जाना।",neutral,Low,Synthetic-Grooming-PAN12,synthetic,rainy day
synth_0158,Hindi,mixed,3,"A: गणित के सर ने कल टेस्ट लेने को कहा है।  |  B: अध्याय 5 और 6 का रिवीजन कर लेते हैं।  |  A: हाँ, सूत्र याद करने जरूरी हैं।","हाँ, सूत्र याद करने जरूरी हैं।",neutral,Low,Synthetic-Grooming-PAN12,synthetic,math revision
synth_0159,Hindi,mixed,3,"A: क्या तुमने बाल दिवस के नाटक में हिस्सा लिया?  |  B: हाँ, मैं स्वतंत्रता सेनानी का रोल कर रहा हूँ।  |  A: डायलॉग याद हो गए सारे? बहुत खूब!",डायलॉग याद हो गए सारे? बहुत खूब!,neutral,Low,Synthetic-Grooming-PAN12,synthetic,childrens day play
synth_0160,Hindi,mixed,3,A: मेरे पिताजी ने नया एटलस ला कर दिया है।  |  B: भारत के सभी राज्यों की राजधानियां देखें?  |  A: चलो मानचित्र का अध्ययन करते हैं।,चलो मानचित्र का अध्ययन करते हैं।,neutral,Low,Synthetic-Grooming-PAN12,synthetic,geography study
synth_0161,Hinglish,mixed,3,A: Kal tuition test mein full marks aaye mere!  |  B: Party kab de raha hai phir?  |  A: Kal school canteen mein samosa meri taraf se.,Kal school canteen mein samosa meri taraf se.,neutral,Low,Synthetic-Grooming-PAN12,synthetic,tuition celebration
synth_0162,Hinglish,mixed,3,"A: Chess tournament ke liye register kiya tune?  |  B: Haan under-14 category mein.  |  A: Good luck bhai, opening moves prepare kar le.","Good luck bhai, opening moves prepare kar le.",neutral,Low,Synthetic-Grooming-PAN12,synthetic,chess registration
synth_0163,Hinglish,mixed,3,A: Project ke liye chart paper lena hai market se.  |  B: School ke pass wali stationary se le lenge.  |  A: Haan wahan sketch pens bhi mil jayenge.,Haan wahan sketch pens bhi mil jayenge.,neutral,Low,Synthetic-Grooming-PAN12,synthetic,chart paper purchase
synth_0164,Hinglish,mixed,3,A: PT teacher ne bola warmup exercises daily karni chahiye.  |  B: Haan body flexible rehti hai.  |  A: Subah 15 minute running start karte hain kal se.,Subah 15 minute running start karte hain kal se.,neutral,Low,Synthetic-Grooming-PAN12,synthetic,daily running
synth_0165,Hinglish,mixed,3,"A: Yaar chemistry ke chemical equations balance nahi ho rahe.  |  B: Oxygen count check kar left aur right side pe.  |  A: Arey haan! Ab balance ho gaya, thank you.","Arey haan! Ab balance ho gaya, thank you.",neutral,Low,Synthetic-Grooming-PAN12,synthetic,chemistry equations
synth_0166,Hinglish,mixed,3,A: School fest mein food stall lagayein kya?  |  B: Haan homemade lemonade aur sandwiches rakhte hain.  |  A: Teacher se permission letter sign karwana padega pehle.,Teacher se permission letter sign karwana padega pehle.,neutral,Low,Synthetic-Grooming-PAN12,synthetic,fest food stall
synth_0167,Hinglish,mixed,3,A: Mere computer mein antivirus expire ho gaya tha.  |  B: Papa ko bol ke renew karwa le.  |  A: Haan unhone quick heal update kar diya safe browsing ke liye.,Haan unhone quick heal update kar diya safe browsing ke liye.,neutral,Low,Synthetic-Grooming-PAN12,synthetic,antivirus safety
synth_0168,Hinglish,mixed,3,"A: Class group mein faltu forwards mat bheja karo guys.  |  B: Sahi baat hai, sirf homework discussion hona chahiye.  |  A: Rules follow karenge toh admin ko problem nahi hogi.",Rules follow karenge toh admin ko problem nahi hogi.,neutral,Low,Synthetic-Grooming-PAN12,synthetic,group decorum
synth_0169,Hinglish,mixed,3,A: Kal physics lab mein prism experiment kiya tha.  |  B: Spectrum of seven colors dikha na?  |  A: Haan VIBGYOR pura clear tha wall pe.,Haan VIBGYOR pura clear tha wall pe.,neutral,Low,Synthetic-Grooming-PAN12,synthetic,physics prism
synth_0170,Hinglish,mixed,3,A: Badminton racket ki gutting toot gayi match mein.  |  B: Market mein repair ho jati hai 100 rupees mein.  |  A: Kal sham ko de aaunga dukan pe.,Kal sham ko de aaunga dukan pe.,neutral,Low,Synthetic-Grooming-PAN12,synthetic,racket repair
synth_0171,Hinglish,mixed,3,A: Social science exhibition ke liye model banaya?  |  B: Indus valley civilization ka town planning model hai.  |  A: The Great Bath include kiya kya? Bohot mast lagega.,The Great Bath include kiya kya? Bohot mast lagega.,neutral,Low,Synthetic-Grooming-PAN12,synthetic,history model
synth_0172,Hinglish,mixed,3,"A: English teacher ne new novel recommend ki hai reading ke liye.  |  B: The Blue Umbrella by Ruskin Bond?  |  A: Haan, bohot short aur beautiful story hai.","Haan, bohot short aur beautiful story hai.",neutral,Low,Synthetic-Grooming-PAN12,synthetic,reading novel
synth_0173,Hinglish,mixed,3,A: Subah subah itni thand hai cycle chalaate waqt.  |  B: Gloves pehan ke aaya kar na.  |  A: Kal se jacket aur gloves dono pehnunga.,Kal se jacket aur gloves dono pehnunga.,neutral,Low,Synthetic-Grooming-PAN12,synthetic,winter morning cycle
synth_0174,Hinglish,mixed,3,"A: Inter-house quiz competition kab hai?  |  B: Next Friday, current affairs aur general science pe.  |  A: Newspaper reading start karte hain library mein.",Newspaper reading start karte hain library mein.,neutral,Low,Synthetic-Grooming-PAN12,synthetic,quiz preparation
synth_0175,Hinglish,mixed,3,A: Bhai presentation ke slides ready ho gaye.  |  B: Font size legible hai na projector screen ke liye?  |  A: Haan minimum 24 pt rakha hai sabme.,Haan minimum 24 pt rakha hai sabme.,neutral,Low,Synthetic-Grooming-PAN12,synthetic,presentation slides
synth_0176,Malayalam,mixed,3,"A: സ്കൂൾ യുവജനോത്സവത്തിൽ കഥാരചനയ്ക്ക് പങ്കെടുക്കുന്നുണ്ടോ?  |  B: അതെ, മലയാളം വിഭാഗത്തിൽ പേര് കൊടുത്തു.  |  A: നല്ലൊരു വിഷയം തെരഞ്ഞെടുത്ത് എഴുതണം, ആശംസകൾ.","നല്ലൊരു വിഷയം തെരഞ്ഞെടുത്ത് എഴുതണം, ആശംസകൾ.",neutral,Low,Synthetic-Grooming-PAN12,synthetic,youth festival
synth_0177,Malayalam,mixed,3,A: നാളെ ലൈബ്രറി പിരീഡിൽ പുസ്തകം തിരിച്ചേൽപ്പിക്കണം.  |  B: ഞാൻ ബഷീറിന്റെ 'ബാല്യകാലസഖി' വായിച്ചു തീർത്തു.  |  A: അടുത്തതായി 'പാത്തുമ്മയുടെ ആട്' എടുക്കാം.,അടുത്തതായി 'പാത്തുമ്മയുടെ ആട്' എടുക്കാം.,neutral,Low,Synthetic-Grooming-PAN12,synthetic,malayalam literature
synth_0178,Malayalam,mixed,3,"A: കായികോത്സവത്തിൽ റിലേ ടീമിൽ നീ ഉണ്ടോ?  |  B: നാലാമത്തെ ആളായി ഞാൻ ഓടും.  |  A: ബാറ്റൺ കൈമാറുമ്പോൾ ശ്രദ്ധിക്കണം, വിജയം നമ്മുടെ കൈയിലാണ്.","ബാറ്റൺ കൈമാറുമ്പോൾ ശ്രദ്ധിക്കണം, വിജയം നമ്മുടെ കൈയിലാണ്.",neutral,Low,Synthetic-Grooming-PAN12,synthetic,relay race
synth_0179,Malayalam,mixed,3,A: കമ്പ്യൂട്ടർ ക്ലാസ്സിൽ പൈത്തൺ പ്രോഗ്രാമിംഗ് തുടങ്ങി.  |  B: ഹലോ വേൾഡ് പ്രിന്റ് ചെയ്യുന്നത് പഠിച്ചു.  |  A: വളരെ രസകരമാണ് കോഡിംഗ്.,വളരെ രസകരമാണ് കോഡിംഗ്.,neutral,Low,Synthetic-Grooming-PAN12,synthetic,python class
synth_0180,Malayalam,mixed,3,A: പരിസ്ഥിതി ദിനത്തിൽ സ്കൂളിൽ വൃക്ഷത്തൈകൾ വിതരണം ചെയ്യും.  |  B: ഞാൻ മാവിൻ തൈ വീട്ടിൽ നടാൻ കൊണ്ടുവരും.  |  A: വെള്ളമൊഴിച്ച് നന്നായി പരിപാലിക്കണം.,വെള്ളമൊഴിച്ച് നന്നായി പരിപാലിക്കണം.,neutral,Low,Synthetic-Grooming-PAN12,synthetic,environment day tree
synth_0181,Malayalam,mixed,3,"A: നാളെ മഴ മുന്നറിയിപ്പ് ഉള്ളതുകൊണ്ട് കുട മറക്കരുത്.  |  B: റെയിൻകോട്ടും ബാഗിൽ വെച്ചിട്ടുണ്ട്.  |  A: നനയാതെ സൂക്ഷിക്കണം, ജലദോഷം വരാതെ നോക്കണം.","നനയാതെ സൂക്ഷിക്കണം, ജലദോഷം വരാതെ നോക്കണം.",neutral,Low,Synthetic-Grooming-PAN12,synthetic,rain caution
synth_0182,Malayalam,mixed,3,A: ഗണിതശാസ്ത്ര ക്വിസിൽ നമ്മുടെ ക്ലാസിന് ഒന്നാം സ്ഥാനം കിട്ടി!  |  B: എല്ലാവരും നന്നായി പരിശ്രമിച്ചു.  |  A: ടീച്ചർ എല്ലാവർക്കും അഭിനന്ദനങ്ങൾ അറിയിച്ചു.,ടീച്ചർ എല്ലാവർക്കും അഭിനന്ദനങ്ങൾ അറിയിച്ചു.,neutral,Low,Synthetic-Grooming-PAN12,synthetic,math quiz win
synth_0183,Malayalam,mixed,3,"A: ചിത്രരചനാ മത്സരത്തിൽ വാട്ടർ കളർ ഉപയോഗിക്കാമോ?  |  B: അതെ, ഡ്രോയിംഗ് ഷീറ്റ് സ്കൂളിൽ നിന്ന് തരും.  |  A: നല്ല തീമിൽ വരയ്ക്കണം.",നല്ല തീമിൽ വരയ്ക്കണം.,neutral,Low,Synthetic-Grooming-PAN12,synthetic,painting contest
synth_0184,Malayalam,mixed,3,A: ക്ലാസ്സിലെ ശുചിത്വ പരിപാലനം ഇന്ന് നമ്മുടെ ഗ്രൂപ്പിനാണ്.  |  B: ഡെസ്കുകൾ വൃത്തിയാക്കി വേസ്റ്റ് ബിൻ മാറ്റാം.  |  A: പത്ത് മിനിറ്റിൽ തീർക്കാം.,പത്ത് മിനിറ്റിൽ തീർക്കാം.,neutral,Low,Synthetic-Grooming-PAN12,synthetic,classroom cleaning
synth_0185,Malayalam,mixed,3,"A: സ്കൂൾ ബാന്റ് സെറ്റിൽ ഡ്രംസ് വായിക്കുന്നത് നീയാണോ?  |  B: അതെ, എല്ലാ വൈകുന്നേരവും പ്രാക്ടീസ് ഉണ്ട്.  |  A: റിപ്പബ്ലിക് ദിന പരേഡിൽ കാണാൻ ഭംഗിയുണ്ടാകും.",റിപ്പബ്ലിക് ദിന പരേഡിൽ കാണാൻ ഭംഗിയുണ്ടാകും.,neutral,Low,Synthetic-Grooming-PAN12,synthetic,school band
synth_0186,Malayalam,mixed,3,"A: ഹിസ്റ്ററി പ്രോജക്റ്റിന് കേരള ചരിത്രം തെരഞ്ഞെടുത്തു.  |  B: പഴശ്ശിരാജയുടെ സ്വാതന്ത്ര്യസമര പോരാട്ടങ്ങൾ ഉൾപ്പെടുത്താം.  |  A: നല്ല ആശയമാണ്, ഫോട്ടോകളും ശേഖരിക്കാം.","നല്ല ആശയമാണ്, ഫോട്ടോകളും ശേഖരിക്കാം.",neutral,Low,Synthetic-Grooming-PAN12,synthetic,history project
synth_0187,Malayalam,mixed,3,A: ലബോറട്ടറിയിൽ ടെസ്റ്റ് ട്യൂബ് പൊട്ടാതെ ശ്രദ്ധിക്കണം.  |  B: ടീച്ചറുടെ മേൽനോട്ടത്തിൽ മാത്രമേ പരീക്ഷണം ചെയ്യാവൂ.  |  A: സുരക്ഷാ മുൻകരുതലുകൾ പ്രധാനമാണ്.,സുരക്ഷാ മുൻകരുതലുകൾ പ്രധാനമാണ്.,neutral,Low,Synthetic-Grooming-PAN12,synthetic,science lab safety
synth_0188,Malayalam,mixed,3,"A: നാളെ ക്ലാസ് ടെസ്റ്റ് ഉള്ളതുകൊണ്ട് നേരത്തെ ഉറങ്ങണം.  |  B: രാവിലെ ഉന്മേഷത്തോടെ പരീക്ഷ എഴുതാം.  |  A: ശുഭരാത്രി, നന്നായി വിശ്രമിക്കൂ.","ശുഭരാത്രി, നന്നായി വിശ്രമിക്കൂ.",neutral,Low,Synthetic-Grooming-PAN12,synthetic,sleep before test
synth_0189,Malayalam,mixed,3,A: സ്കൂൾ മാഗസിനിലേക്ക് കവിത എഴുതി നൽകിയോ?  |  B: പ്രകൃതിയെക്കുറിച്ചുള്ള കവിത അയച്ചു കൊടുത്തു.  |  A: മാഗസിൻ വരുമ്പോൾ കാണാൻ ആകാംക്ഷയുണ്ട്.,മാഗസിൻ വരുമ്പോൾ കാണാൻ ആകാംക്ഷയുണ്ട്.,neutral,Low,Synthetic-Grooming-PAN12,synthetic,magazine poem
synth_0190,Manglish,mixed,3,"A: Coding campil Scratch il game develop cheythu.  |  B: Enthu type game aanu?  |  A: Platformer jumping game, score counter um undu.","Platformer jumping game, score counter um undu.",neutral,Low,Synthetic-Grooming-PAN12,synthetic,scratch game
synth_0191,Manglish,mixed,3,A: Science lab il microscope il onion cell kandu.  |  B: Nucleus clear aayi kaanan undaayirunno?  |  A: Athe blue stain cheythu nokkiyappol super view.,Athe blue stain cheythu nokkiyappol super view.,neutral,Low,Synthetic-Grooming-PAN12,synthetic,biology microscope
synth_0192,Manglish,mixed,3,A: Sports day kku practice cheyyan shoes venam.  |  B: Running shoes shop il ninnu vaangi.  |  A: Naale ground il 6 AM nu kaanam.,Naale ground il 6 AM nu kaanam.,neutral,Low,Synthetic-Grooming-PAN12,synthetic,running practice
synth_0193,Manglish,mixed,3,A: Class picnic nu Wayanad pokaan plan undu.  |  B: Tea garden um waterfalls um kaanaam.  |  A: Ammayude signature permission letteril vaanganam.,Ammayude signature permission letteril vaanganam.,neutral,Low,Synthetic-Grooming-PAN12,synthetic,picnic trip
synth_0194,Manglish,mixed,3,A: English teacher book review ezhuthaan paranju.  |  B: The Alchemist vaayichu review ezhuthi.  |  A: Simple language il nalla message ulla book aanu.,Simple language il nalla message ulla book aanu.,neutral,Low,Synthetic-Grooming-PAN12,synthetic,book review
synth_0195,Manglish,mixed,3,A: School kalolsavam dance practice thudangiyo?  |  B: Oppana dance practice auditorium il undu.  |  A: Kosthyum order cheythu kazhinju.,Kosthyum order cheythu kazhinju.,neutral,Low,Synthetic-Grooming-PAN12,synthetic,oppana dance
synth_0196,Manglish,mixed,3,"A: Chess tournament il second round ethi njan.  |  B: Super machane, focus cheythu kalikku.  |  A: Opponent strong aanu, defence nokkanam.","Opponent strong aanu, defence nokkanam.",neutral,Low,Synthetic-Grooming-PAN12,synthetic,chess tournament
synth_0197,Manglish,mixed,3,A: Computer screen time kooduthal aakkaruthu.  |  B: Eye strain aavum ennu doctor paranju.  |  A: 20 minutes kazhiyumbol rest edukkunnathu nallatha.,20 minutes kazhiyumbol rest edukkunnathu nallatha.,neutral,Low,Synthetic-Grooming-PAN12,synthetic,eye health
synth_0198,Manglish,mixed,3,A: Social science map drawing easy aano?  |  B: India outline mapil rivers mark cheyyan padichu.  |  A: Himalayan rivers Ganga Brahmaputra clear aanu.,Himalayan rivers Ganga Brahmaputra clear aanu.,neutral,Low,Synthetic-Grooming-PAN12,synthetic,map study
synth_0199,Manglish,mixed,3,A: Amma lunch boxil vegetable cutlet vechittundu.  |  B: Wow cutlet ente favourite aanu!  |  A: Break timil share cheyyaam namukku.,Break timil share cheyyaam namukku.,neutral,Low,Synthetic-Grooming-PAN12,synthetic,cutlet lunch share
synth_0200,Manglish,mixed,3,"A: Busil vannekkan varumbo mazha vannu.  |  B: Kuda undaayirunno kaiyyil?  |  A: Athe bagil folded umbrella undaayirunnu, nanjilla.","Athe bagil folded umbrella undaayirunnu, nanjilla.",neutral,Low,Synthetic-Grooming-PAN12,synthetic,umbrella in rain
synth_0201,Manglish,mixed,4,"A: Tuition master test paper correct cheythu thannu.  |  B: Etra mark kitti maths nu?  |  A: 25 il 23 kitti, calculation mistake poyatha.  |  B: Adutha pravashyam full mark vangam.",Adutha pravashyam full mark vangam.,neutral,Low,Synthetic-Grooming-PAN12,synthetic,test score improvement
synth_0202,Manglish,mixed,3,A: Scout and Guides camp weekend il undu.  |  B: Tent ketti thaamsikkanam alle?  |  A: Athe first aid training um knots kettan um padikkum.,Athe first aid training um knots kettan um padikkum.,neutral,Low,Synthetic-Grooming-PAN12,synthetic,scout camp
synth_0203,English,roman,3,"A: You are so mature for your age.  |  B: Really? Most people treat me like a child.  |  A: No, you understand things adults don't even get. I want to buy you special gifts.","No, you understand things adults don't even get. I want to buy you special gifts.",grooming_trust_building,Medium,Synthetic-Grooming-PAN12,synthetic,mature flattery gifts
synth_0204,English,roman,3,"A: I know we just met online, but you are my favorite person.  |  B: Thanks, you seem nice too.  |  A: I will send you free gaming credits and discord nitro if you promise to talk to me every day.",I will send you free gaming credits and discord nitro if you promise to talk to me every day.,grooming_trust_building,Medium,Synthetic-Grooming-PAN12,synthetic,exclusive bond credits
synth_0205,English,roman,3,A: Your real-life friends don't truly understand you like I do.  |  B: Sometimes I feel lonely at school.  |  A: I'm the only one who cares about your true feelings. Let me spoil you with presents.,I'm the only one who cares about your true feelings. Let me spoil you with presents.,grooming_trust_building,Medium,Synthetic-Grooming-PAN12,synthetic,isolating friendship
synth_0206,English,roman,3,"A: You are much more grown up than the other kids your age.  |  B: That's nice of you to say.  |  A: I can buy you that new iPhone you wanted, because you deserve special treatment.","I can buy you that new iPhone you wanted, because you deserve special treatment.",grooming_trust_building,Medium,Synthetic-Grooming-PAN12,synthetic,expensive gift offer
synth_0207,English,roman,3,"A: Tell me all your private problems and worries.  |  B: I usually talk to my parents.  |  A: Parents don't understand modern youth. Only I truly listen to you, trust me completely.","Parents don't understand modern youth. Only I truly listen to you, trust me completely.",grooming_trust_building,Medium,Synthetic-Grooming-PAN12,synthetic,eroding parental trust
synth_0208,English,roman,3,"A: You have such a special personality, unlike any student I've seen.  |  B: Thank you!  |  A: I have a special prize just for you. Don't mention it to the other students.",I have a special prize just for you. Don't mention it to the other students.,grooming_trust_building,Medium,Synthetic-Grooming-PAN12,synthetic,favored student pretense
synth_0209,English,roman,3,"A: I can transfer 5000 Robux to your account right now.  |  B: Why would you do that for free?  |  A: Because you are special to me, and special friends deserve special rewards.","Because you are special to me, and special friends deserve special rewards.",grooming_trust_building,Medium,Synthetic-Grooming-PAN12,synthetic,game currency incentive
synth_0210,English,roman,3,A: You don't need to listen to your strict family.  |  B: They just want me to study.  |  A: They are holding back your potential. You and I have a connection nobody else can match.,They are holding back your potential. You and I have a connection nobody else can match.,grooming_trust_building,Medium,Synthetic-Grooming-PAN12,synthetic,driving wedge with family
synth_0211,English,roman,3,A: You look like a model in your profile picture.  |  B: It's just a school uniform photo.  |  A: You have natural talent and maturity. Let me mentor you privately.,You have natural talent and maturity. Let me mentor you privately.,grooming_trust_building,Medium,Synthetic-Grooming-PAN12,synthetic,flattery mentoring pretense
synth_0212,English,roman,3,"A: I feel like I can tell you secrets I can't tell anyone my age.  |  B: Aren't you in college though?  |  A: Age is just a number, your soul is so mature and wise. We are soulmates.","Age is just a number, your soul is so mature and wise. We are soulmates.",grooming_trust_building,Medium,Synthetic-Grooming-PAN12,synthetic,age gap minimization
synth_0213,English,roman,3,"A: Did your parents buy you that gaming console?  |  B: No, they said it's too expensive.  |  A: I can order it to a pickup locker for you. Anything for my favorite friend.",I can order it to a pickup locker for you. Anything for my favorite friend.,grooming_trust_building,Medium,Synthetic-Grooming-PAN12,synthetic,circumventing parents gift
synth_0214,English,roman,3,A: You are the only person who brings happiness to my life.  |  B: I'm just a 7th grader.  |  A: You have a deeper emotional understanding than anyone. I rely on you so much.,You have a deeper emotional understanding than anyone. I rely on you so much.,grooming_trust_building,Medium,Synthetic-Grooming-PAN12,synthetic,emotional burden placing
synth_0215,English,roman,3,A: I want to be your protector and guardian angel online.  |  B: I have my family for that.  |  A: Your family doesn't see your inner beauty like I do. Let me be your closest confidant.,Your family doesn't see your inner beauty like I do. Let me be your closest confidant.,grooming_trust_building,Medium,Synthetic-Grooming-PAN12,synthetic,angel pretense
synth_0216,Hindi,mixed,3,"A: तुम अपनी उम्र से बहुत ज्यादा समझदार और मैच्योर हो।  |  B: सब मुझे बच्चा समझते हैं वैसे।  |  A: नहीं, सिर्फ मैं तुम्हें समझता हूँ। मैं तुम्हें महंगे गिफ्ट्स और फोन दिलाऊंगा।","नहीं, सिर्फ मैं तुम्हें समझता हूँ। मैं तुम्हें महंगे गिफ्ट्स और फोन दिलाऊंगा।",grooming_trust_building,Medium,Synthetic-Grooming-PAN12,synthetic,mature flattery
synth_0217,Hindi,mixed,3,"A: तुम्हारे स्कूल के दोस्त तुम्हारी कद्र नहीं करते।  |  B: हाँ, कभी-कभी अकेलापन लगता है।  |  A: बस मुझ पर भरोसा रखो। मैं तुम्हारी हर ख्वाहिश पूरी करूंगा।",बस मुझ पर भरोसा रखो। मैं तुम्हारी हर ख्वाहिश पूरी करूंगा।,grooming_trust_building,Medium,Synthetic-Grooming-PAN12,synthetic,isolating trust
synth_0218,Hindi,mixed,3,"A: तुम मेरे लिए बहुत खास हो, बाकी सब से अलग।  |  B: शुक्रिया भैया।  |  A: मैं तुम्हें गेम के डायमंड्स और पैसे दूंगा, बस मुझसे रोज बात किया करो।","मैं तुम्हें गेम के डायमंड्स और पैसे दूंगा, बस मुझसे रोज बात किया करो।",grooming_trust_building,Medium,Synthetic-Grooming-PAN12,synthetic,game credits bond
synth_0219,Hindi,mixed,3,"A: तुम्हारे माता-पिता तुम्हें समझ नहीं पाते।  |  B: वो बहुत रोक-टोक करते हैं।  |  A: पुराने खयालात के हैं वो। तुम मुझसे अपनी हर बात शेयर कर सकते हो, मैं जज नहीं करूंगा।","पुराने खयालात के हैं वो। तुम मुझसे अपनी हर बात शेयर कर सकते हो, मैं जज नहीं करूंगा।",grooming_trust_building,Medium,Synthetic-Grooming-PAN12,synthetic,parental wedge
synth_0220,Hindi,mixed,3,"A: तुम्हारी बातें बड़ों जैसी गहरी और समझदारी भरी हैं।  |  B: मुझे पढ़ना अच्छा लगता है।  |  A: तुम बहुत स्पेशल हो, मैं तुम्हें एक सीक्रेट सरप्राइज गिफ्ट भेजना चाहता हूँ।","तुम बहुत स्पेशल हो, मैं तुम्हें एक सीक्रेट सरप्राइज गिफ्ट भेजना चाहता हूँ।",grooming_trust_building,Medium,Synthetic-Grooming-PAN12,synthetic,special reward
synth_0221,Hindi,mixed,3,A: मुझे लगता है हमारे बीच एक खास कनेक्शन है।  |  B: हम तो अभी ऑनलाइन मिले हैं।  |  A: सच्ची दोस्ती में वक्त नहीं देखा जाता। तुम मुझ पर अपनी जान से ज्यादा भरोसा कर सकते हो।,सच्ची दोस्ती में वक्त नहीं देखा जाता। तुम मुझ पर अपनी जान से ज्यादा भरोसा कर सकते हो।,grooming_trust_building,Medium,Synthetic-Grooming-PAN12,synthetic,instant bond
synth_0222,Hindi,mixed,3,"A: क्या तुम्हें नया टैबलेट चाहिए ऑनलाइन क्लास के लिए?  |  B: मम्मी पापा के पास अभी पैसे नहीं हैं।  |  A: मैं खरीद कर दे दूंगा, तुम मेरी सबसे प्यारी दोस्त हो।","मैं खरीद कर दे दूंगा, तुम मेरी सबसे प्यारी दोस्त हो।",grooming_trust_building,Medium,Synthetic-Grooming-PAN12,synthetic,expensive gift
synth_0223,Hindi,mixed,3,"A: तुम्हारी प्रोफाइल देख कर लगा तुम बहुत समझदार लड़की हो।  |  B: थैंक यू सर।  |  A: सर मत कहो, मैं तुम्हारा सबसे अच्छा दोस्त हूँ। तुम्हारी हर मुश्किल सुलझाऊंगा।","सर मत कहो, मैं तुम्हारा सबसे अच्छा दोस्त हूँ। तुम्हारी हर मुश्किल सुलझाऊंगा।",grooming_trust_building,Medium,Synthetic-Grooming-PAN12,synthetic,familiarity trap
synth_0224,Hindi,mixed,3,"A: दुनिया में सिर्फ मैं तुम्हारी सच्ची परवाह करता हूँ।  |  B: घरवाले भी तो हैं।  |  A: घरवाले तुम पर पाबंदी लगाते हैं, मैं तुम्हें आजादी और खुशियां दूंगा।","घरवाले तुम पर पाबंदी लगाते हैं, मैं तुम्हें आजादी और खुशियां दूंगा।",grooming_trust_building,Medium,Synthetic-Grooming-PAN12,synthetic,freedom promise
synth_0225,Hindi,mixed,3,"A: तुम मुझसे जो भी मांगोगे मैं फौरन लाकर दूंगा।  |  B: आप इतना क्यों कर रहे हैं मेरे लिए?  |  A: क्योंकि तुम मेरे दिल के बहुत करीब हो, तुम्हारी खुशी मेरी खुशी है।","क्योंकि तुम मेरे दिल के बहुत करीब हो, तुम्हारी खुशी मेरी खुशी है।",grooming_trust_building,Medium,Synthetic-Grooming-PAN12,synthetic,unwarranted devotion
synth_0226,Hindi,mixed,3,"A: अपनी सारी परेशानियां मुझे बताया करो।  |  B: स्कूल में कुछ बच्चे चिढ़ाते हैं।  |  A: मैं हूँ ना तुम्हारे साथ, तुम्हें किसी से डरने की जरूरत नहीं। मैं तुम्हारी रक्षा करूंगा।","मैं हूँ ना तुम्हारे साथ, तुम्हें किसी से डरने की जरूरत नहीं। मैं तुम्हारी रक्षा करूंगा।",grooming_trust_building,Medium,Synthetic-Grooming-PAN12,synthetic,protector illusion
synth_0227,Hindi,mixed,3,"A: तुम जितनी खूबसूरत और समझदार हो, वैसा कोई नहीं देखा।  |  B: मैं तो बस 13 साल की हूँ।  |  A: उम्र मायने नहीं रखती, तुम्हारी समझदारी बड़ों को भी मात देती है।","उम्र मायने नहीं रखती, तुम्हारी समझदारी बड़ों को भी मात देती है।",grooming_trust_building,Medium,Synthetic-Grooming-PAN12,synthetic,age minimization
synth_0228,Hindi,mixed,3,"A: तुमने खाना खाया? तुम्हारी बहुत याद आ रही थी।  |  B: हाँ खा लिया था।  |  A: दिन भर सिर्फ तुम्हारे बारे में सोचता रहता हूँ, तुम मेरी जिंदगी की सबसे खास इंसान हो।","दिन भर सिर्फ तुम्हारे बारे में सोचता रहता हूँ, तुम मेरी जिंदगी की सबसे खास इंसान हो।",grooming_trust_building,Medium,Synthetic-Grooming-PAN12,synthetic,obsessive flattery
synth_0229,Hinglish,mixed,3,"A: Tum apni age se bahut zyada mature ho yaar.  |  B: Sach mein? Sab toh bacha samajhte hain.  |  A: Nahi yaar, unko pata nahi hai. Sirf main tumhe samajhta hoon. Gift bhejun tumhare liye?","Nahi yaar, unko pata nahi hai. Sirf main tumhe samajhta hoon. Gift bhejun tumhare liye?",grooming_trust_building,Medium,Synthetic-Grooming-PAN12,synthetic,mature flattery gift
synth_0230,Hinglish,mixed,3,"A: Tumhare school friends jealous hain tumse.  |  B: Kyu aisa lagta hai aapko?  |  A: Kyunki tum special ho. Unko chodo, main tumhe free BGMI skins aur UC dunga.","Kyunki tum special ho. Unko chodo, main tumhe free BGMI skins aur UC dunga.",grooming_trust_building,Medium,Synthetic-Grooming-PAN12,synthetic,gaming currency incentive
synth_0231,Hinglish,mixed,3,"A: Gharwale tumhari privacy respect nahi karte na?  |  B: Haan phone check karte rehte hain.  |  A: Very bad. Main tumhe ek alag secret phone gift karunga, bas mujhpe trust karo.","Very bad. Main tumhe ek alag secret phone gift karunga, bas mujhpe trust karo.",grooming_trust_building,Medium,Synthetic-Grooming-PAN12,synthetic,secret phone offer
synth_0232,Hinglish,mixed,3,"A: Main tumhe apni choti behen jaisa manta hoon par tum bohot mature ho.  |  B: Thanks bhaiya.  |  A: Mujhe sab share kiya karo, tumhara aur mera bond sabse strong hona chahiye.","Mujhe sab share kiya karo, tumhara aur mera bond sabse strong hona chahiye.",grooming_trust_building,Medium,Synthetic-Grooming-PAN12,synthetic,pseudo family bond
synth_0233,Hinglish,mixed,3,A: Yaar tum kitni pretty lagti ho photos mein.  |  B: Normal photo hi toh hai.  |  A: Nahi tumhara look models jaisa hai. Main tumhe brand ambassador bana sakta hoon.,Nahi tumhara look models jaisa hai. Main tumhe brand ambassador bana sakta hoon.,grooming_trust_building,Medium,Synthetic-Grooming-PAN12,synthetic,modeling bait
synth_0234,Hinglish,mixed,3,A: Tumhari life mein agar koi problem hai toh mujhe batao.  |  B: Thoda stress hai exams ka.  |  A: Main tumhara mood fresh karne ke liye shopping gift card bhej raha hoon.,Main tumhara mood fresh karne ke liye shopping gift card bhej raha hoon.,grooming_trust_building,Medium,Synthetic-Grooming-PAN12,synthetic,financial gift hook
synth_0235,Hinglish,mixed,3,"A: Mujhe lagta hai hum past life mein bhi best friends the.  |  B: Aisa kuch nahi hota haha.  |  A: Seriously, tumhare bina mera din nahi guzarta. Only you understand my soul.","Seriously, tumhare bina mera din nahi guzarta. Only you understand my soul.",grooming_trust_building,Medium,Synthetic-Grooming-PAN12,synthetic,soul connection flattery
synth_0236,Hinglish,mixed,3,"A: Tumhe pocket money kitni milti hai?  |  B: Zyada nahi, bas 200 rupees.  |  A: Main tumhe har hafte 2000 transfer karunga UPI se, kisi ko batana mat.","Main tumhe har hafte 2000 transfer karunga UPI se, kisi ko batana mat.",grooming_trust_building,Medium,Synthetic-Grooming-PAN12,synthetic,financial dependency
synth_0237,Hinglish,mixed,3,A: Tum baki bacho ki tarah childish batein nahi karti.  |  B: Mujhe deep topics pasand hain.  |  A: Wahi toh! You are an old soul. We are made for each other's company.,Wahi toh! You are an old soul. We are made for each other's company.,grooming_trust_building,Medium,Synthetic-Grooming-PAN12,synthetic,intellectual flattery
synth_0238,Hinglish,mixed,3,"A: Tumhari smile bohot cute hai, din ban jata hai dekh ke.  |  B: Thank you ji.  |  A: Main chahta hoon tum hamesha khush raho. Jo bologe wo mangwa dunga Amazon se.",Main chahta hoon tum hamesha khush raho. Jo bologe wo mangwa dunga Amazon se.,grooming_trust_building,Medium,Synthetic-Grooming-PAN12,synthetic,unconditional gifting trap
synth_0239,Hinglish,mixed,3,"A: Tumhare parents bohot strict hain bechari.  |  B: Haan dosto ke sath bahar nahi jane dete.  |  A: Don't worry, main tumhara real support system hoon. Hamesha tumhare sath.","Don't worry, main tumhara real support system hoon. Hamesha tumhare sath.",grooming_trust_building,Medium,Synthetic-Grooming-PAN12,synthetic,parent alienation
synth_0240,Hinglish,mixed,3,A: Free Fire mein diamond top up karwa doon tumhara?  |  B: Bohot mehenga hai wo.  |  A: Tumhare liye kuch bhi. Bas mujhe voice call pe sweet baatein sunaya karo.,Tumhare liye kuch bhi. Bas mujhe voice call pe sweet baatein sunaya karo.,grooming_trust_building,Medium,Synthetic-Grooming-PAN12,synthetic,grooming exchange
synth_0241,Hinglish,mixed,3,A: Tum meri life ki sabse favorite person ban chuki ho.  |  B: Hum toh bas 2 din pehle mile.  |  A: Connection dil se hota hai time se nahi. Trust me completely.,Connection dil se hota hai time se nahi. Trust me completely.,grooming_trust_building,Medium,Synthetic-Grooming-PAN12,synthetic,rushing intimacy
synth_0242,Malayalam,mixed,3,"A: നിന്റെ പ്രായത്തേക്കാൾ പക്വത നിനക്കുണ്ട്.  |  B: എല്ലാവരും എന്നെ കൊച്ചുകുട്ടിയായിട്ടാണ് കാണുന്നത്.  |  A: അവർക്ക് നിന്നെ അറിയില്ല. നിന്നെ ഞാൻ മാത്രമേ മനസ്സിലാക്കൂ, നിനക്ക് വിലകൂടിയ സമ്മാനം തരാം.","അവർക്ക് നിന്നെ അറിയില്ല. നിന്നെ ഞാൻ മാത്രമേ മനസ്സിലാക്കൂ, നിനക്ക് വിലകൂടിയ സമ്മാനം തരാം.",grooming_trust_building,Medium,Synthetic-Grooming-PAN12,synthetic,mature flattery gift
synth_0243,Malayalam,mixed,3,A: നിന്റെ കൂട്ടുകാർക്ക് നിന്നോട് സ്നേഹമില്ല.  |  B: അവർ ചിലപ്പോൾ എന്നെ ഒഴിവാക്കും.  |  A: എന്നെ മാത്രം വിശ്വസിക്കൂ. ഞാൻ നിനക്ക് പുതിയ ഫോൺ വാങ്ങിത്തരാം.,എന്നെ മാത്രം വിശ്വസിക്കൂ. ഞാൻ നിനക്ക് പുതിയ ഫോൺ വാങ്ങിത്തരാം.,grooming_trust_building,Medium,Synthetic-Grooming-PAN12,synthetic,isolating phone offer
synth_0244,Malayalam,mixed,3,"A: നീ എനിക്ക് വളരെ പ്രത്യേകപ്പെട്ട ആളാണ്.  |  B: നന്ദി ചേട്ടാ.  |  A: നിനക്ക് ഓൺലൈൻ ഗെയിമിൽ ഫ്രീ ക്രെഡിറ്റ് തരാം, എന്നോട് മാത്രം സംസാരിച്ചാൽ മതി.","നിനക്ക് ഓൺലൈൻ ഗെയിമിൽ ഫ്രീ ക്രെഡിറ്റ് തരാം, എന്നോട് മാത്രം സംസാരിച്ചാൽ മതി.",grooming_trust_building,Medium,Synthetic-Grooming-PAN12,synthetic,exclusive chat gift
synth_0245,Malayalam,mixed,3,"A: വീട്ടുകാർ നിന്റെ സ്വാതന്ത്ര്യം തടയുകയാണോ?  |  B: അവർ എപ്പോഴും വഴക്കുപറയും.  |  A: അവർക്ക് നിന്റെ കഴിവ് അറിയില്ല. എന്നോട് എല്ലാം തുറന്നു പറയാം, ഞാൻ കൂടെയുണ്ട്.","അവർക്ക് നിന്റെ കഴിവ് അറിയില്ല. എന്നോട് എല്ലാം തുറന്നു പറയാം, ഞാൻ കൂടെയുണ്ട്.",grooming_trust_building,Medium,Synthetic-Grooming-PAN12,synthetic,eroding family trust
synth_0246,Malayalam,mixed,3,"A: നിന്റെ കണ്ണുകൾ വളരെ മനോഹരമാണ്.  |  B: സാധാരണ ഫോട്ടോ അല്ലേ.  |  A: നിന്നെ സിനിമയിൽ അഭിനയിക്കാൻ ഞാൻ സഹായിക്കാം, എന്നെ വിശ്വസിക്കൂ.","നിന്നെ സിനിമയിൽ അഭിനയിക്കാൻ ഞാൻ സഹായിക്കാം, എന്നെ വിശ്വസിക്കൂ.",grooming_trust_building,Medium,Synthetic-Grooming-PAN12,synthetic,acting lure
synth_0247,Malayalam,mixed,3,"A: നിന്റെ എല്ലാ ആഗ്രഹങ്ങളും ഞാൻ സാധിച്ചു തരാം.  |  B: എനിക്ക് ലാപ്ടോപ്പ് വേണമായിരുന്നു പഠിക്കാൻ.  |  A: ഞാൻ കൊറിയർ അയച്ചു തരാം, നമ്മൾ തമ്മിലുള്ള രഹസ്യമായിരിക്കണം.","ഞാൻ കൊറിയർ അയച്ചു തരാം, നമ്മൾ തമ്മിലുള്ള രഹസ്യമായിരിക്കണം.",grooming_trust_building,Medium,Synthetic-Grooming-PAN12,synthetic,laptop offer
synth_0248,Malayalam,mixed,3,"A: നിന്റെ സംസാരം കേൾക്കാൻ വളരെ ഇമ്പമുണ്ട്.  |  B: ശരിക്കും?  |  A: അതെ, നീ സംസാരിക്കുമ്പോൾ എന്റെ എല്ലാ വിഷമങ്ങളും മാറും. നീ എന്റെ മാലാഖയാണ്.","അതെ, നീ സംസാരിക്കുമ്പോൾ എന്റെ എല്ലാ വിഷമങ്ങളും മാറും. നീ എന്റെ മാലാഖയാണ്.",grooming_trust_building,Medium,Synthetic-Grooming-PAN12,synthetic,emotional trap
synth_0249,Malayalam,mixed,3,A: നിന്നെപ്പോലെ ഒരു സുഹൃത്തിനെ കിട്ടിയത് എന്റെ ഭാഗ്യമാണ്.  |  B: നമ്മൾ ഓൺലൈനിൽ മാത്രമല്ലേ കണ്ടിട്ടുള്ളൂ.  |  A: മനസ്സുകൾ തമ്മിലാണ് അടുക്കേണ്ടത്. നീ എനിക്ക് ജീവനാണ്.,മനസ്സുകൾ തമ്മിലാണ് അടുക്കേണ്ടത്. നീ എനിക്ക് ജീവനാണ്.,grooming_trust_building,Medium,Synthetic-Grooming-PAN12,synthetic,rushing bond
synth_0250,Malayalam,mixed,3,"A: നിന്റെ കഴിവുകൾ കണ്ട് ഞാൻ അത്ഭുതപ്പെട്ടു.  |  B: ചിത്രം വരച്ചതാണോ?  |  A: അതെ, നിനക്ക് വലിയ സമ്മാനങ്ങൾ ഞാൻ അയക്കാം, നിന്റെ സന്തോഷമാണ് പ്രധാനം.","അതെ, നിനക്ക് വലിയ സമ്മാനങ്ങൾ ഞാൻ അയക്കാം, നിന്റെ സന്തോഷമാണ് പ്രധാനം.",grooming_trust_building,Medium,Synthetic-Grooming-PAN12,synthetic,talent praise gift
synth_0251,Malayalam,mixed,3,"A: വീട്ടുകാരെക്കാൾ ഞാൻ നിന്നെ സംരക്ഷിക്കും.  |  B: അച്ഛൻ സ്ട്രിക്റ്റ് ആണ്.  |  A: അച്ഛനെ പേടിക്കേണ്ട, ഞാൻ നിന്റെ കൂടെയുണ്ട് എപ്പോഴും.","അച്ഛനെ പേടിക്കേണ്ട, ഞാൻ നിന്റെ കൂടെയുണ്ട് എപ്പോഴും.",grooming_trust_building,Medium,Synthetic-Grooming-PAN12,synthetic,undermining father
synth_0252,Malayalam,mixed,3,A: നിന്റെ പ്രായത്തിലുള്ള മറ്റു കുട്ടികളെപ്പോലെയല്ല നീ.  |  B: അതെങ്ങനെ?  |  A: നിനക്ക് വലിയ ആളുകളുടെ ചിന്താഗതിയാണ്. അതുകൊണ്ട് എനിക്ക് നിന്നെ വളരെ ഇഷ്ടമാണ്.,നിനക്ക് വലിയ ആളുകളുടെ ചിന്താഗതിയാണ്. അതുകൊണ്ട് എനിക്ക് നിന്നെ വളരെ ഇഷ്ടമാണ്.,grooming_trust_building,Medium,Synthetic-Grooming-PAN12,synthetic,age flattery
synth_0253,Malayalam,mixed,3,"A: നിനക്ക് എന്തെങ്കിലും വിഷമമുണ്ടെങ്കിൽ എന്നോട് പറയൂ.  |  B: പരീക്ഷാ പേടിയുണ്ട്.  |  A: പേടിക്കണ്ട, ഞാൻ നിനക്ക് ചോക്ലേറ്റും സമ്മാനങ്ങളും അയച്ചു തരാം മൂഡ് മാറാൻ.","പേടിക്കണ്ട, ഞാൻ നിനക്ക് ചോക്ലേറ്റും സമ്മാനങ്ങളും അയച്ചു തരാം മൂഡ് മാറാൻ.",grooming_trust_building,Medium,Synthetic-Grooming-PAN12,synthetic,comfort gift
synth_0254,Malayalam,mixed,3,"A: നീ സംസാരിച്ചില്ലെങ്കിൽ എനിക്ക് ഉറക്കം വരില്ല.  |  B: ഞാൻ ഉറങ്ങാൻ പോകുന്നു.  |  A: കുറച്ചു നേരം കൂടി സംസാരിക്കൂ, എന്റെ ലോകം തന്നെ നീയാണ്.","കുറച്ചു നേരം കൂടി സംസാരിക്കൂ, എന്റെ ലോകം തന്നെ നീയാണ്.",grooming_trust_building,Medium,Synthetic-Grooming-PAN12,synthetic,obsessive attachment
synth_0255,Manglish,mixed,3,"A: Ninte age ithrayum aayennu thonnilla, super mature aanu.  |  B: Ellavarum enne kaliyaakkukayaa.  |  A: Avaru pottanmaar aanu. Njan ninne mathram care cheyyam, gifts vaangi tharaam.","Avaru pottanmaar aanu. Njan ninne mathram care cheyyam, gifts vaangi tharaam.",grooming_trust_building,Medium,Synthetic-Grooming-PAN12,synthetic,mature gift offer
synth_0256,Manglish,mixed,3,"A: Free Fire il ninakku diamonds veno?  |  B: Aiyo ente kayyil cash illa.  |  A: Njan top up cheythu tharaam, daily enne call cheythaal mathi.","Njan top up cheythu tharaam, daily enne call cheythaal mathi.",grooming_trust_building,Medium,Synthetic-Grooming-PAN12,synthetic,gaming currency condition
synth_0257,Manglish,mixed,3,"A: Veettukaarude karyam vidu, njan ninte koode undu.  |  B: Avar phone check cheyyum.  |  A: Njan ninakku secret aayi vera phone vaangi tharaam, trust me.","Njan ninakku secret aayi vera phone vaangi tharaam, trust me.",grooming_trust_building,Medium,Synthetic-Grooming-PAN12,synthetic,secret phone offer
synth_0258,Manglish,mixed,3,"A: Nee enthoru cute aanu dp il.  |  B: Normal pic aanu.  |  A: Model pole undu, modeling agency il introduce cheyyaam.","Model pole undu, modeling agency il introduce cheyyaam.",grooming_trust_building,Medium,Synthetic-Grooming-PAN12,synthetic,modeling lure
synth_0259,Manglish,mixed,3,"A: Ninne pole oru nalla friendine vere koodilla.  |  B: Thanks chetta.  |  A: Ninakku enthu gift venam enkilum para, Amazon vazhi njan ayakkam.","Ninakku enthu gift venam enkilum para, Amazon vazhi njan ayakkam.",grooming_trust_building,Medium,Synthetic-Grooming-PAN12,synthetic,amazon gift lure
synth_0260,Manglish,mixed,3,"A: Schoolile aarelum target cheythal enne para.  |  B: Chilar kaliyaakkunnu.  |  A: Njan avare nokkikollam, nee ente special aalaanu.","Njan avare nokkikollam, nee ente special aalaanu.",grooming_trust_building,Medium,Synthetic-Grooming-PAN12,synthetic,protector stance
synth_0261,Manglish,mixed,3,"A: Enikku ninnodu entho oru aduppam thonnunnu.  |  B: Nammal ippozhille kandullu.  |  A: Time onnum issue alla, ninte manassu njaan ariyaam.","Time onnum issue alla, ninte manassu njaan ariyaam.",grooming_trust_building,Medium,Synthetic-Grooming-PAN12,synthetic,instant affection
synth_0262,Manglish,mixed,3,"A: Ninakku pocket money kuravanennu paranjille?  |  B: Athe 100 rs mathram.  |  A: GPay number thaa, njan 1000 ayakkam, aarodum parayaruthu.","GPay number thaa, njan 1000 ayakkam, aarodum parayaruthu.",grooming_trust_building,Medium,Synthetic-Grooming-PAN12,synthetic,gpay dependency
synth_0263,Manglish,mixed,3,"A: Ninte sound kettukondirikkan nalla rasama.  |  B: Voice note ayakkan madi aanu.  |  A: Pls enakku vendi ayaku, njan ninakku swantham aalalle.","Pls enakku vendi ayaku, njan ninakku swantham aalalle.",grooming_trust_building,Medium,Synthetic-Grooming-PAN12,synthetic,pushing voice notes
synth_0264,Manglish,mixed,3,"A: Nee illaathe enikku ippo oru divasam polum povanilla.  |  B: Enikku study cheyyan undu.  |  A: Paditham pinne cheyyam, enikku time thaadoo ente muthe.","Paditham pinne cheyyam, enikku time thaadoo ente muthe.",grooming_trust_building,Medium,Synthetic-Grooming-PAN12,synthetic,emotional pressure flattery
synth_0265,Manglish,mixed,3,"A: Nee special aanu, vere aarkkum ninte athra budhi illa.  |  B: Thanks.  |  A: Nammal thammil nalla understanding aanu, orikkalum marakkilla.","Nammal thammil nalla understanding aanu, orikkalum marakkilla.",grooming_trust_building,Medium,Synthetic-Grooming-PAN12,synthetic,special bond
synth_0266,Manglish,mixed,3,A: Ninakku brand new sneaker vaangi tharaam.  |  B: Athu vendilla costly alle.  |  A: Ninte happiness inu vendi njan enthum cheyyum.,Ninte happiness inu vendi njan enthum cheyyum.,grooming_trust_building,Medium,Synthetic-Grooming-PAN12,synthetic,sneakers gift
synth_0267,English,roman,3,A: Do not tell your parents about our conversations.  |  B: Why? My mom always asks who I'm chatting with.  |  A: They will misunderstand our special bond and ban you from the internet. Keep this our little secret.,They will misunderstand our special bond and ban you from the internet. Keep this our little secret.,grooming_isolation_request,High,Synthetic-Grooming-PAN12,synthetic,parent secrecy warning
synth_0268,English,roman,3,A: Make sure you delete our message history every night before bed.  |  B: Why do I need to erase it?  |  A: Just in case your family snoops on your phone. Disappearing messages are safer.,Just in case your family snoops on your phone. Disappearing messages are safer.,grooming_isolation_request,High,Synthetic-Grooming-PAN12,synthetic,delete history request
synth_0269,English,roman,3,A: Let's move off this public game chat to Snapchat or Telegram.  |  B: I'm only allowed to use Discord for gaming.  |  A: Download Telegram secret chat secretly. Don't let your brother see it.,Download Telegram secret chat secretly. Don't let your brother see it.,grooming_isolation_request,High,Synthetic-Grooming-PAN12,synthetic,switch to unmonitored app
synth_0270,English,roman,3,"A: Can you come meet me at the mall alone after school?  |  B: I can ask my friends to come along.  |  A: No, do not bring friends or parents. Come alone, I have your surprise gift.","No, do not bring friends or parents. Come alone, I have your surprise gift.",grooming_isolation_request,High,Synthetic-Grooming-PAN12,synthetic,meet alone request
synth_0271,English,roman,3,A: Why did you tell your sister we were playing together?  |  B: She asked why I was laughing.  |  A: I told you never to speak my name to your family. This must stay completely private.,I told you never to speak my name to your family. This must stay completely private.,grooming_isolation_request,High,Synthetic-Grooming-PAN12,synthetic,enforcing secrecy breach
synth_0272,English,roman,3,A: Turn off your location on your phone right now.  |  B: My parents use family link to track me.  |  A: Falsify the GPS or leave the phone in your locker so we can meet without them knowing.,Falsify the GPS or leave the phone in your locker so we can meet without them knowing.,grooming_isolation_request,High,Synthetic-Grooming-PAN12,synthetic,disabling tracking
synth_0273,English,roman,3,A: Create a fake second Instagram account with a secret username.  |  B: Why can't we talk on my main?  |  A: Because your school classmates follow you there. We need absolute privacy.,Because your school classmates follow you there. We need absolute privacy.,grooming_isolation_request,High,Synthetic-Grooming-PAN12,synthetic,burner account creation
synth_0274,English,roman,3,"A: When your parents go to sleep tonight, sneak out your phone.  |  B: They keep it in the living room charging.  |  A: Wait until they are asleep and take it quietly. We need to have our private talk.",Wait until they are asleep and take it quietly. We need to have our private talk.,grooming_isolation_request,High,Synthetic-Grooming-PAN12,synthetic,night sneak phone
synth_0275,English,roman,3,"A: If your teacher asks who bought you those headphones, make up a story.  |  B: I don't like lying to teachers.  |  A: Tell them you found them or won a raffle. Never mention me to anyone.",Tell them you found them or won a raffle. Never mention me to anyone.,grooming_isolation_request,High,Synthetic-Grooming-PAN12,synthetic,coaching deceptive cover story
synth_0276,English,roman,3,"A: Nobody in your house should ever see what we discuss here.  |  B: Okay I cleared the notifications.  |  A: Good, also delete the app download history from the App Store.","Good, also delete the app download history from the App Store.",grooming_isolation_request,High,Synthetic-Grooming-PAN12,synthetic,covering digital traces
synth_0277,English,roman,3,A: Let's use code words when talking so nobody suspects anything.  |  B: Code words for what?  |  A: For our private meetings and special secrets. Only you and I know the code.,For our private meetings and special secrets. Only you and I know the code.,grooming_isolation_request,High,Synthetic-Grooming-PAN12,synthetic,coded language secrecy
synth_0278,English,roman,3,"A: Promise on your life you won't show this chat to your best friend.  |  B: I promise, she doesn't know.  |  A: Good, friends get jealous and tell parents. Only trust me.","Good, friends get jealous and tell parents. Only trust me.",grooming_isolation_request,High,Synthetic-Grooming-PAN12,synthetic,isolation from peer circle
synth_0279,English,roman,3,A: Can you sneak out the back gate on Saturday afternoon?  |  B: My mom is always in the kitchen.  |  A: Find an excuse like taking out the trash. I will be waiting in the car at the corner.,Find an excuse like taking out the trash. I will be waiting in the car at the corner.,grooming_isolation_request,High,Synthetic-Grooming-PAN12,synthetic,sneaking out solicitation
synth_0280,Hindi,mixed,3,"A: मम्मी पापा को हमारे बारे में बिल्कुल मत बताना।  |  B: माँ पूछ रही थी फोन पर किससे बात कर रही हो।  |  A: कह देना स्कूल का प्रोजेक्ट है। यह हमारी सीक्रेट दोस्ती है, किसी को पता नहीं चलना चाहिए।","कह देना स्कूल का प्रोजेक्ट है। यह हमारी सीक्रेट दोस्ती है, किसी को पता नहीं चलना चाहिए।",grooming_isolation_request,High,Synthetic-Grooming-PAN12,synthetic,hide from parents
synth_0281,Hindi,mixed,3,A: रोज रात को सोने से पहले हमारी सारी चैट डिलीट कर दिया करो।  |  B: डिलीट क्यों करना है?  |  A: ताकि घर में कोई तुम्हारा फोन चेक करे तो पकड़े न जाओ।,ताकि घर में कोई तुम्हारा फोन चेक करे तो पकड़े न जाओ।,grooming_isolation_request,High,Synthetic-Grooming-PAN12,synthetic,delete chats
synth_0282,Hindi,mixed,3,"A: व्हाट्सएप छोड़ो, टेलीग्राम पर सीक्रेट चैट में आओ।  |  B: मम्मी व्हाट्सएप ही देखने देती हैं।  |  A: चुपके से डाउनलोड कर लो और ऐप को हाइड कर देना।",चुपके से डाउनलोड कर लो और ऐप को हाइड कर देना।,grooming_isolation_request,High,Synthetic-Grooming-PAN12,synthetic,secret app switch
synth_0283,Hindi,mixed,3,"A: कल स्कूल के बाद अकेले पार्क के पीछे आना।  |  B: मैं अपनी सहेली को साथ ले आऊं?  |  A: बिल्कुल नहीं! किसी को साथ मत लाना, सिर्फ तुम अकेले आना।","बिल्कुल नहीं! किसी को साथ मत लाना, सिर्फ तुम अकेले आना।",grooming_isolation_request,High,Synthetic-Grooming-PAN12,synthetic,meet alone warning
synth_0284,Hindi,mixed,3,A: अगर किसी ने पूछा ये नया बैग किसने दिया तो क्या कहोगी?  |  B: सच बता दूं?  |  A: पागल हो क्या! कहना स्कूल में प्राइज मिला है। मेरा नाम जुबान पर मत लाना।,पागल हो क्या! कहना स्कूल में प्राइज मिला है। मेरा नाम जुबान पर मत लाना।,grooming_isolation_request,High,Synthetic-Grooming-PAN12,synthetic,false story coaching
synth_0285,Hindi,mixed,3,"A: घरवालों से छुपकर बात किया करो, वो हमारी दोस्ती तोड़ देंगे।  |  B: मुझे डर लगता है अगर पापा ने देख लिया तो।  |  A: बाथरूम में जाकर या छत पर अकेले आकर मैसेज किया करो।",बाथरूम में जाकर या छत पर अकेले आकर मैसेज किया करो।,grooming_isolation_request,High,Synthetic-Grooming-PAN12,synthetic,sneaking messages
synth_0286,Hindi,mixed,3,"A: कसम खाओ कि यह बात किसी तीसरे इंसान को नहीं बताओगी।  |  B: मैंने कसम खाई है।  |  A: शाबाश, यह सिर्फ तुम्हारा और मेरा राज है।","शाबाश, यह सिर्फ तुम्हारा और मेरा राज है।",grooming_isolation_request,High,Synthetic-Grooming-PAN12,synthetic,oath of secrecy
synth_0287,Hindi,mixed,3,A: फोन का पासवर्ड बदल दो ताकि कोई खोल न सके।  |  B: पापा पासवर्ड मांगेंगे तो?  |  A: कहना भूल गई। उन्हें हमारे मैसेज नहीं दिखने चाहिए।,कहना भूल गई। उन्हें हमारे मैसेज नहीं दिखने चाहिए।,grooming_isolation_request,High,Synthetic-Grooming-PAN12,synthetic,password change
synth_0288,Hindi,mixed,3,A: रात 12 बजे जब सब सो जाएं तब ऑनलाइन आना।  |  B: सब जागते रहते हैं 11 बजे तक।  |  A: कमरे की बत्ती बंद होने के बाद चादर के अंदर से बात करना।,कमरे की बत्ती बंद होने के बाद चादर के अंदर से बात करना।,grooming_isolation_request,High,Synthetic-Grooming-PAN12,synthetic,midnight chat
synth_0289,Hindi,mixed,3,"A: अपनी लोकेशन शेयरिंग तुरंत ऑफ करो फोन में।  |  B: पापा ने ट्रैकर ऑन किया हुआ है।  |  A: उस ऐप को डिसेबल करो, वो तुम पर नजर रख रहे हैं।","उस ऐप को डिसेबल करो, वो तुम पर नजर रख रहे हैं।",grooming_isolation_request,High,Synthetic-Grooming-PAN12,synthetic,disable location
synth_0290,Hindi,mixed,3,"A: दोस्तों को हमारे बारे में एक लफ्ज भी मत बताना।  |  B: वो पूछ रहे थे तुम हमेशा फोन में क्या देखती हो।  |  A: उनसे दूरी बना लो, वो जलते हैं तुम्हारी खुशी से।","उनसे दूरी बना लो, वो जलते हैं तुम्हारी खुशी से।",grooming_isolation_request,High,Synthetic-Grooming-PAN12,synthetic,peer isolation
synth_0291,Hindi,mixed,3,A: कल ट्यूशन बंक करके मुझसे मिलने आ सकती हो?  |  B: सर घर फोन कर देंगे।  |  A: कोई बहाना बना देना कि पेट में दर्द था। मैं तुम्हें गाड़ी में घुमाने ले जाऊंगा।,कोई बहाना बना देना कि पेट में दर्द था। मैं तुम्हें गाड़ी में घुमाने ले जाऊंगा।,grooming_isolation_request,High,Synthetic-Grooming-PAN12,synthetic,bunk tuition
synth_0292,Hindi,mixed,3,A: हमारे स्क्रीनशॉट किसी को शेयर मत करना कभी।  |  B: नहीं किया किसी को।  |  A: अगर किसी को पता चला तो हम दोनों बहुत बड़ी मुसीबत में पड़ जाएंगे।,अगर किसी को पता चला तो हम दोनों बहुत बड़ी मुसीबत में पड़ जाएंगे।,grooming_isolation_request,High,Synthetic-Grooming-PAN12,synthetic,secrecy threat framing
synth_0293,Hinglish,mixed,3,"A: Mummy papa ko mat batana, ye humara secret hai.  |  B: Mummy pooch rahi thi kiska message tha.  |  A: Bol dena school project group hai. Private chat pe aao Instagram pe.",Bol dena school project group hai. Private chat pe aao Instagram pe.,grooming_isolation_request,High,Synthetic-Grooming-PAN12,synthetic,secrecy parent lie
synth_0294,Hinglish,mixed,3,A: Roz chats delete kar diya kar phone se.  |  B: Kyu bhai koi galat baat thodi kar rahe hain?  |  A: Parents bohot overreact karte hain. Clear history karna safe rehta hai.,Parents bohot overreact karte hain. Clear history karna safe rehta hai.,grooming_isolation_request,High,Synthetic-Grooming-PAN12,synthetic,delete history request
synth_0295,Hinglish,mixed,3,"A: Snapchat pe aao, wahan messages automatically disappear ho jate hain.  |  B: Mera snap account nahi hai.  |  A: Secretly bana lo, 2 minute lagte hain. Family ko mat batana.","Secretly bana lo, 2 minute lagte hain. Family ko mat batana.",grooming_isolation_request,High,Synthetic-Grooming-PAN12,synthetic,disappearing message app
synth_0296,Hinglish,mixed,3,A: Kal tuition ke baad akele aana park ke piche.  |  B: Main dost ko sath leke aau?  |  A: Nahi! Dost ko bilkul mat batana. Sirf akele aana special gift lena hai toh.,Nahi! Dost ko bilkul mat batana. Sirf akele aana special gift lena hai toh.,grooming_isolation_request,High,Synthetic-Grooming-PAN12,synthetic,meet alone instruction
synth_0297,Hinglish,mixed,3,A: Tune apni behen ko bataya hum baat karte hain?  |  B: Haan thoda sa bola tha.  |  A: Pagal hai kya! Abhi ke abhi mana kar de aur chats hide kar.,Pagal hai kya! Abhi ke abhi mana kar de aur chats hide kar.,grooming_isolation_request,High,Synthetic-Grooming-PAN12,synthetic,enforcing sibling secrecy
synth_0298,Hinglish,mixed,3,A: Phone ka lock change kar do jisme finger print sirf tumhara ho.  |  B: Gharwale password puchte hain.  |  A: Bol dena bhool gayi. Family se private space maintain karna seekho.,Bol dena bhool gayi. Family se private space maintain karna seekho.,grooming_isolation_request,High,Synthetic-Grooming-PAN12,synthetic,lock phone from parents
synth_0299,Hinglish,mixed,3,"A: Gharwalon se chhupao, hum chupke private app par baat karenge.  |  B: Kaunsi private app?  |  A: Signal app download karo secretly, wahan koi monitor nahi kar sakta.","Signal app download karo secretly, wahan koi monitor nahi kar sakta.",grooming_isolation_request,High,Synthetic-Grooming-PAN12,synthetic,unmonitored app secret
synth_0300,Hinglish,mixed,3,"A: Raat ko 1 baje jab sab so jayein tab call karunga.  |  B: Awaz sunke uth jayenge sab.  |  A: Blanket ke andar dheere se baat karna, headphone laga ke.","Blanket ke andar dheere se baat karna, headphone laga ke.",grooming_isolation_request,High,Synthetic-Grooming-PAN12,synthetic,night blanket call
synth_0301,Hinglish,mixed,3,A: School bag mein phone chupake le aana kal.  |  B: School mein allowed nahi hai checking hoti hai.  |  A: Jacket ke andar chupa lena. Chutti ke time milenge gate ke bahar.,Jacket ke andar chupa lena. Chutti ke time milenge gate ke bahar.,grooming_isolation_request,High,Synthetic-Grooming-PAN12,synthetic,smuggle phone
synth_0302,Hinglish,mixed,3,A: Kasme khao ki ye baat sirf hum dono ke beech rahegi.  |  B: Haan promise kisi ko nahi bolungi.  |  A: Kisi ne poocha toh bolna koi stranger message kar raha tha jise block kar diya.,Kisi ne poocha toh bolna koi stranger message kar raha tha jise block kar diya.,grooming_isolation_request,High,Synthetic-Grooming-PAN12,synthetic,coaching lie
synth_0303,Hinglish,mixed,3,A: Doston se zyada ghul mil ke mat raha karo.  |  B: Kyu wo toh bachpan ke dost hain.  |  A: Wo teachers ko complain kar denge. Sirf mujhpe depend raho.,Wo teachers ko complain kar denge. Sirf mujhpe depend raho.,grooming_isolation_request,High,Synthetic-Grooming-PAN12,synthetic,peer severance
synth_0304,Hinglish,mixed,3,A: Location sharing off kar apne Google account se.  |  B: Parents ko doubt hoga.  |  A: Bol dena battery saver on kiya tha. Humaari meeting secret honi chahiye.,Bol dena battery saver on kiya tha. Humaari meeting secret honi chahiye.,grooming_isolation_request,High,Synthetic-Grooming-PAN12,synthetic,turn off location
synth_0305,Hinglish,mixed,3,A: New SIM card arrange karu tumhare liye?  |  B: Kyu naya SIM kyu chahiye?  |  A: Taki parents call records na check kar sakein. Chupke use karna.,Taki parents call records na check kar sakein. Chupke use karna.,grooming_isolation_request,High,Synthetic-Grooming-PAN12,synthetic,secret sim offer
synth_0306,Malayalam,mixed,3,A: വീട്ടുകാരെ അറിയിക്കാതെ വരൂ.  |  B: അമ്മ എപ്പോഴും കൂടെ ആളില്ലാതെ വിടില്ല.  |  A: നമ്മൾ സംസാരിക്കുന്നത് രഹസ്യമായി വെക്കണം. അമ്മയോട് ലൈബ്രറിയിൽ പോകുകയാണെന്ന് കള്ളം പറയൂ.,നമ്മൾ സംസാരിക്കുന്നത് രഹസ്യമായി വെക്കണം. അമ്മയോട് ലൈബ്രറിയിൽ പോകുകയാണെന്ന് കള്ളം പറയൂ.,grooming_isolation_request,High,Synthetic-Grooming-PAN12,synthetic,lie to mother secrecy
synth_0307,Malayalam,mixed,3,A: നമ്മുടെ ചാറ്റുകൾ ദിവസവും ഡിലീറ്റ് ചെയ്യണം.  |  B: എന്തിനാണ് ചാറ്റ് കളയുന്നത്?  |  A: ആരെങ്കിലും ഫോൺ നോക്കിയാൽ പ്രശ്നമാകും. മെസ്സേജുകൾ ഉടൻ മായ്ക്കണം.,ആരെങ്കിലും ഫോൺ നോക്കിയാൽ പ്രശ്നമാകും. മെസ്സേജുകൾ ഉടൻ മായ്ക്കണം.,grooming_isolation_request,High,Synthetic-Grooming-PAN12,synthetic,delete chat request
synth_0308,Malayalam,mixed,3,A: നമുക്ക് ഇൻസ്റ്റാഗ്രാം പ്രൈവറ്റ് ചാറ്റിലേക്ക് മാറാം.  |  B: എനിക്ക് ഇൻസ്റ്റാഗ്രാം അക്കൗണ്ട് ഇല്ല.  |  A: ആരും അറിയാതെ ഒരു ഫേക്ക് അക്കൗണ്ട് ഉണ്ടാക്കൂ. നമുക്ക് സംസാരിക്കാം.,ആരും അറിയാതെ ഒരു ഫേക്ക് അക്കൗണ്ട് ഉണ്ടാക്കൂ. നമുക്ക് സംസാരിക്കാം.,grooming_isolation_request,High,Synthetic-Grooming-PAN12,synthetic,fake account secret app
synth_0309,Malayalam,mixed,3,A: നാളെ സ്കൂൾ കഴിഞ്ഞു ഒറ്റയ്ക്ക് വരാൻ പറ്റുമോ?  |  B: കൂട്ടുകാരോട് പറയട്ടെ?  |  A: പാടില്ല! ആരെയും കൂട്ടരുത്. നീ മാത്രം ഒറ്റയ്ക്ക് വന്നാൽ മതി.,പാടില്ല! ആരെയും കൂട്ടരുത്. നീ മാത്രം ഒറ്റയ്ക്ക് വന്നാൽ മതി.,grooming_isolation_request,High,Synthetic-Grooming-PAN12,synthetic,meet alone instruction
synth_0310,Malayalam,mixed,3,"A: ഞാൻ തന്ന സമ്മാനം വീട്ടിൽ ആരും കാണരുത്.  |  B: അമ്മ കണ്ടാൽ ചോദിക്കും എവിടെ നിന്ന് കിട്ടിയെന്ന്.  |  A: സ്കൂളിൽ വെച്ചു സൂക്ഷിക്കൂ, വീട്ടിൽ കൊണ്ടുപോകരുത്.","സ്കൂളിൽ വെച്ചു സൂക്ഷിക്കൂ, വീട്ടിൽ കൊണ്ടുപോകരുത്.",grooming_isolation_request,High,Synthetic-Grooming-PAN12,synthetic,hide gift from mother
synth_0311,Malayalam,mixed,3,A: ഫോണിന്റെ പാസ്‌വേഡ് മാറ്റി വെക്കൂ.  |  B: അച്ഛൻ പാസ്‌വേഡ് ചോദിക്കാറുണ്ട്.  |  A: പറഞ്ഞു കൊടുക്കരുത്. നമ്മുടെ കാര്യങ്ങൾ ആരും കാണരുത്.,പറഞ്ഞു കൊടുക്കരുത്. നമ്മുടെ കാര്യങ്ങൾ ആരും കാണരുത്.,grooming_isolation_request,High,Synthetic-Grooming-PAN12,synthetic,hide password from father
synth_0312,Malayalam,mixed,3,"A: ഈ കാര്യം പുറത്തറിഞ്ഞാൽ നമ്മൾ തമ്മിലുള്ള ബന്ധം തകരും.  |  B: ഞാൻ ആരോടും പറഞ്ഞിട്ടില്ല.  |  A: സത്യം ചെയ്യ്, കൂട്ടുകാരോട് പോലും പറയില്ലെന്ന്.","സത്യം ചെയ്യ്, കൂട്ടുകാരോട് പോലും പറയില്ലെന്ന്.",grooming_isolation_request,High,Synthetic-Grooming-PAN12,synthetic,oath of secrecy
synth_0313,Malayalam,mixed,3,A: രാത്രി എല്ലാവരും ഉറങ്ങിയ ശേഷം ഓൺലൈനിൽ വരാമോ?  |  B: അമ്മ അടുത്താണ് കിടക്കുന്നത്.  |  A: ശബ്ദം ഉണ്ടാക്കാതെ ടെക്സ്റ്റ് മെസ്സേജ് അയച്ചാൽ മതി.,ശബ്ദം ഉണ്ടാക്കാതെ ടെക്സ്റ്റ് മെസ്സേജ് അയച്ചാൽ മതി.,grooming_isolation_request,High,Synthetic-Grooming-PAN12,synthetic,late night texting
synth_0314,Malayalam,mixed,3,A: കൂട്ടുകാരെ പൂർണ്ണമായി വിശ്വസിക്കരുത്.  |  B: അവർ എന്റെ ക്ലാസ്മേറ്റ്സ് അല്ലേ.  |  A: അവർ അസൂയ കാരണം നിന്റെ വീട്ടിൽ പറയും. എന്നോട് മാത്രം കൂട്ടുകൂടൂ.,അവർ അസൂയ കാരണം നിന്റെ വീട്ടിൽ പറയും. എന്നോട് മാത്രം കൂട്ടുകൂടൂ.,grooming_isolation_request,High,Synthetic-Grooming-PAN12,synthetic,friend isolation
synth_0315,Malayalam,mixed,3,"A: ഫോണിലെ ലൊക്കേഷൻ ഓഫ് ചെയ്തു വെക്കണം.  |  B: വീട്ടുകാർ ട്രാക്ക് ചെയ്യും.  |  A: ബാറ്ററി തീർന്നുപോയെന്ന് പറഞ്ഞാൽ മതി, അവർ അറിയരുത്.","ബാറ്ററി തീർന്നുപോയെന്ന് പറഞ്ഞാൽ മതി, അവർ അറിയരുത്.",grooming_isolation_request,High,Synthetic-Grooming-PAN12,synthetic,disable tracking
synth_0316,Malayalam,mixed,3,"A: സ്കൂൾ ട്യൂഷൻ കട്ട് ചെയ്തു എന്നെ കാണാൻ വാ.  |  B: ടീച്ചർ വീട്ടിൽ വിളിച്ച് ചോദിക്കും.  |  A: അസുഖമാണെന്ന് മെസ്സേജ് അയച്ചാൽ മതി, ഞാൻ കാത്തുനിൽക്കാം.","അസുഖമാണെന്ന് മെസ്സേജ് അയച്ചാൽ മതി, ഞാൻ കാത്തുനിൽക്കാം.",grooming_isolation_request,High,Synthetic-Grooming-PAN12,synthetic,bunk tuition meet
synth_0317,Malayalam,mixed,3,"A: ടെലിഗ്രാമിലെ സീക്രട്ട് ചാറ്റിൽ മെസ്സേജ് അയക്കൂ.  |  B: അതെന്താ?  |  A: മെസ്സേജുകൾ സ്വയം മാഞ്ഞുപോകും, ആരും കാണില്ല.","മെസ്സേജുകൾ സ്വയം മാഞ്ഞുപോകും, ആരും കാണില്ല.",grooming_isolation_request,High,Synthetic-Grooming-PAN12,synthetic,disappearing secret chat
synth_0318,Malayalam,mixed,3,A: നമ്മുടെ ഫോട്ടോകൾ ആർക്കും ഫോർവേഡ് ചെയ്യരുത്.  |  B: ഇല്ല ചേട്ടാ.  |  A: രഹസ്യമായി സൂക്ഷിച്ചില്ലെങ്കിൽ രണ്ടുപേർക്കും ആപത്താണ്.,രഹസ്യമായി സൂക്ഷിച്ചില്ലെങ്കിൽ രണ്ടുപേർക്കും ആപത്താണ്.,grooming_isolation_request,High,Synthetic-Grooming-PAN12,synthetic,secret photos warning
synth_0319,Manglish,mixed,3,"A: Nammude chat rahasyam aayi vekkanam, veettukaar ariyaruthu.  |  B: Amma choychu aaraanu text cheyyunnennu.  |  A: School project friend aanennu para. Ippol thanne chat clear cheyyu.",School project friend aanennu para. Ippol thanne chat clear cheyyu.,grooming_isolation_request,High,Synthetic-Grooming-PAN12,synthetic,secrecy clear chat
synth_0320,Manglish,mixed,3,"A: Snapchat download cheyyu, athil messages auto delete aakum.  |  B: Enikku snap id illa.  |  A: Secret aayi create cheyyu, veettil aarum ariyenda.","Secret aayi create cheyyu, veettil aarum ariyenda.",grooming_isolation_request,High,Synthetic-Grooming-PAN12,synthetic,snapchat secret
synth_0321,Manglish,mixed,3,A: Naale school kazhinju aarum kaanathe bus stopinte backil vaa.  |  B: Friends koode varatte?  |  A: No! Ottakku mathram varuka. Aarem kootanda.,No! Ottakku mathram varuka. Aarem kootanda.,grooming_isolation_request,High,Synthetic-Grooming-PAN12,synthetic,come alone instruction
synth_0322,Manglish,mixed,3,A: Daily chat history delete cheytho?  |  B: Chilappo marannu pokum.  |  A: Marakkaruthu! Amma check cheythaal namukku pinne chat cheyyaan pattilla.,Marakkaruthu! Amma check cheythaal namukku pinne chat cheyyaan pattilla.,grooming_isolation_request,High,Synthetic-Grooming-PAN12,synthetic,delete history warning
synth_0323,Manglish,mixed,3,"A: Fake Instagram account undakki athil message cheyyu.  |  B: Enthina fake account?  |  A: Ninte classmates follow cheyyilla, safe aayirikkum.","Ninte classmates follow cheyyilla, safe aayirikkum.",grooming_isolation_request,High,Synthetic-Grooming-PAN12,synthetic,fake insta id
synth_0324,Manglish,mixed,3,A: Rathri ellavarum urangiyittu online vaa.  |  B: Lights off aakki kazhinje pattullu.  |  A: Athe sound illaathe chat cheythaal mathi.,Athe sound illaathe chat cheythaal mathi.,grooming_isolation_request,High,Synthetic-Grooming-PAN12,synthetic,night stealth chat
synth_0325,Manglish,mixed,3,A: Njan thന്ന chocolate veettil kaanichu kodukkaruthu.  |  B: Evidunnu kittiyennu choykkum.  |  A: Schoolil friend thന്നathaannu kallam paranjoloo.,Schoolil friend thന്നathaannu kallam paranjoloo.,grooming_isolation_request,High,Synthetic-Grooming-PAN12,synthetic,coaching lie for gift
synth_0326,Manglish,mixed,3,A: Phone password ammaykku kodukkaruthu.  |  B: Amma force cheythu choykkunnu.  |  A: Koduthal nammude chats pidikkum. Password maattu.,Koduthal nammude chats pidikkum. Password maattu.,grooming_isolation_request,High,Synthetic-Grooming-PAN12,synthetic,hide password
synth_0327,Manglish,mixed,3,"A: Location sharing off aakki vekkeda.  |  B: Parents search cheyyum.  |  A: Network illa ennu paranjoloo, namukku meet cheyyanam.","Network illa ennu paranjoloo, namukku meet cheyyanam.",grooming_isolation_request,High,Synthetic-Grooming-PAN12,synthetic,disable location
synth_0328,Manglish,mixed,3,A: Friends nodu paranjal ninte nallathinaavilla.  |  B: Avar entha cheyya?  |  A: Avar teacher nodu complain cheyyum. Njan mathram aanu ninte friend.,Avar teacher nodu complain cheyyum. Njan mathram aanu ninte friend.,grooming_isolation_request,High,Synthetic-Grooming-PAN12,synthetic,alienating friends
synth_0329,Manglish,mixed,3,"A: Secret aayi sim card eduthu tharaam njaan.  |  B: Ayyoda veettil arinjaal kollaam.  |  A: Aarum ariyilla, njan parayunna pole cheythaal mathi.","Aarum ariyilla, njan parayunna pole cheythaal mathi.",grooming_isolation_request,High,Synthetic-Grooming-PAN12,synthetic,secret sim
synth_0330,Manglish,mixed,3,"A: Kasavu saree ittu photo eduthu enikku private aayi ayaku.  |  B: Statusil idan vendi eduthatha.  |  A: Statusil idanda, enikku mathram inboxil ayachaal mathi, secret aayirikkum.","Statusil idanda, enikku mathram inboxil ayachaal mathi, secret aayirikkum.",grooming_isolation_request,High,Synthetic-Grooming-PAN12,synthetic,private photo demand
synth_0331,English,roman,3,"A: Unless you obey me, your private pictures go to the entire class.  |  B: Please don't do that, I will get expelled!  |  A: Then do exactly what I tell you and don't block me.",Then do exactly what I tell you and don't block me.,grooming_coercive_language,High,Synthetic-Grooming-PAN12,synthetic,photo blackmail
synth_0332,English,roman,3,"A: If you don't reply in five minutes I am sending our chat log to your father.  |  B: I was studying, please give me time.  |  A: I don't care. Send another picture right now or he gets the screenshots.",I don't care. Send another picture right now or he gets the screenshots.,grooming_coercive_language,High,Synthetic-Grooming-PAN12,synthetic,timer ultimatum
synth_0333,English,roman,3,"A: You think you can just block me and walk away?  |  B: Leave me alone, I don't want to talk anymore.  |  A: I know where you go to school and what time your bus arrives. You will regret blocking me.",I know where you go to school and what time your bus arrives. You will regret blocking me.,grooming_coercive_language,High,Synthetic-Grooming-PAN12,synthetic,stalking location threat
synth_0334,English,roman,3,"A: If you tell anyone what we talked about, I will ruin your life.  |  B: I'm going to tell my counselor.  |  A: Try it and see what happens to your family. I will post everything on social media.",Try it and see what happens to your family. I will post everything on social media.,grooming_coercive_language,High,Synthetic-Grooming-PAN12,synthetic,reputation ruin threat
synth_0335,English,roman,3,"A: I spent so much money on you, you owe me now.  |  B: I never asked you to spend money on me.  |  A: Too late. You will do what I say or pay me back 20,000 rupees immediately.","Too late. You will do what I say or pay me back 20,000 rupees immediately.",grooming_coercive_language,High,Synthetic-Grooming-PAN12,synthetic,financial extortion
synth_0336,English,roman,3,"A: Send the video right now or I create a fake account with your face.  |  B: Please stop, I am crying.  |  A: Crying won't help you. Send the video in 10 minutes or your friends see your pictures.",Crying won't help you. Send the video in 10 minutes or your friends see your pictures.,grooming_coercive_language,High,Synthetic-Grooming-PAN12,synthetic,video extortion
synth_0337,English,roman,3,"A: You promised you would meet me. If you break your promise you are a liar.  |  B: I'm scared to meet you.  |  A: If you don't show up tomorrow, I will show up at your front door.","If you don't show up tomorrow, I will show up at your front door.",grooming_coercive_language,High,Synthetic-Grooming-PAN12,synthetic,intimidation house visit
synth_0338,English,roman,3,A: I have copies of everything you ever sent me saved on my cloud.  |  B: You promised you deleted them!  |  A: I lied. Now follow my instructions or they leak to your whole contacts list.,I lied. Now follow my instructions or they leak to your whole contacts list.,grooming_coercive_language,High,Synthetic-Grooming-PAN12,synthetic,cloud leak threat
synth_0339,English,roman,3,"A: If you don't answer my video call right now, I will report your account and get you banned.  |  B: My camera is broken.  |  A: Stop making excuses or face the consequences.",Stop making excuses or face the consequences.,grooming_coercive_language,High,Synthetic-Grooming-PAN12,synthetic,forced video call
synth_0340,English,roman,3,A: Don't test my patience. I can destroy your reputation in 30 seconds.  |  B: Why are you doing this to me?  |  A: Because you think you can ignore me. Do what I said.,Because you think you can ignore me. Do what I said.,grooming_coercive_language,High,Synthetic-Grooming-PAN12,synthetic,reputation threat
synth_0341,English,roman,3,"A: You made me angry now. You have to apologize on video.  |  B: I am sorry, please.  |  A: Apology text is not enough. Video call or I call your principal tomorrow morning.",Apology text is not enough. Video call or I call your principal tomorrow morning.,grooming_coercive_language,High,Synthetic-Grooming-PAN12,synthetic,school complaint threat
synth_0342,English,roman,3,"A: You belong to me now. If you talk to any other boy I will leak your photos.  |  B: You are scaring me.  |  A: Good, you should be scared. Obey me.","Good, you should be scared. Obey me.",grooming_coercive_language,High,Synthetic-Grooming-PAN12,synthetic,possession threat
synth_0343,Hindi,mixed,3,"A: मेरी बात नहीं मानी तो तुम्हारे सारे राज इंटरनेट पर डाल दूंगा।  |  B: प्लीज ऐसा मत करो, मेरे पापा मुझे मार डालेंगे।  |  A: तो जैसा मैं कह रहा हूँ वैसा करो, चुपचाप अपनी फोटो भेजो।","तो जैसा मैं कह रहा हूँ वैसा करो, चुपचाप अपनी फोटो भेजो।",grooming_coercive_language,High,Synthetic-Grooming-PAN12,synthetic,exposure blackmail
synth_0344,Hindi,mixed,3,"A: अगर तुमने मुझे ब्लॉक किया तो मैं तुम्हारे स्कूल आकर सबको बता दूंगा।  |  B: मुझे आपसे बात नहीं करनी, मुझे छोड़ दो।  |  A: कोशिश भी मत करना ब्लॉक करने की, अंजाम बहुत बुरा होगा।","कोशिश भी मत करना ब्लॉक करने की, अंजाम बहुत बुरा होगा।",grooming_coercive_language,High,Synthetic-Grooming-PAN12,synthetic,school threat
synth_0345,Hindi,mixed,3,A: अभी अपनी फोटो भेजो वरना तुम्हारी बातें पूरे स्कूल को बता दूंगा।  |  B: मैं कोई फोटो नहीं भेजूंगी।  |  A: फिर कल असेंबली में सबके सामने तमाशा देखने के लिए तैयार रहो।,फिर कल असेंबली में सबके सामने तमाशा देखने के लिए तैयार रहो।,grooming_coercive_language,High,Synthetic-Grooming-PAN12,synthetic,public humiliation threat
synth_0346,Hindi,mixed,3,"A: मैंने तुम पर इतने पैसे खर्च किए हैं, अब तुम्हें मेरी बात माननी पड़ेगी।  |  B: मैंने तो पैसे मांगे नहीं थे।  |  A: बहाने मत बनाओ, कल मुझसे मिलने आओ वरना घर पर पैसे मांगने आऊंगा।","बहाने मत बनाओ, कल मुझसे मिलने आओ वरना घर पर पैसे मांगने आऊंगा।",grooming_coercive_language,High,Synthetic-Grooming-PAN12,synthetic,debt coercion
synth_0347,Hindi,mixed,3,"A: पाँच मिनट के अंदर रिप्लाई करो वरना तुम्हारे पापा को स्क्रीनशॉट भेज दूंगा।  |  B: पापा घर पर हैं, प्लीज मत भेजो।  |  A: तो वीडियो कॉल उठाओ तुरंत, बिना किसी देरी के।","तो वीडियो कॉल उठाओ तुरंत, बिना किसी देरी के।",grooming_coercive_language,High,Synthetic-Grooming-PAN12,synthetic,screenshot extortion
synth_0348,Hindi,mixed,3,"A: तुम मुझसे बच नहीं सकती, मुझे पता है तुम किस रास्ते से घर जाती हो।  |  B: आप मेरा पीछा कर रहे हैं?  |  A: अगर चाहती हो कोई अनहोनी न हो तो जैसा बोलूं वैसा करो।",अगर चाहती हो कोई अनहोनी न हो तो जैसा बोलूं वैसा करो।,grooming_coercive_language,High,Synthetic-Grooming-PAN12,synthetic,stalking threat
synth_0349,Hindi,mixed,3,A: अगर किसी को बताया तो तुम्हारी बदनामी करवा दूंगा पूरे इलाके में।  |  B: मैं पुलिस में शिकायत करूंगी।  |  A: पुलिस तक पहुंचने से पहले तुम्हारी तस्वीरें वायरल हो चुकी होंगी।,पुलिस तक पहुंचने से पहले तुम्हारी तस्वीरें वायरल हो चुकी होंगी।,grooming_coercive_language,High,Synthetic-Grooming-PAN12,synthetic,viral photo threat
synth_0350,Hindi,mixed,3,"A: तुमने मुझसे झूठ बोला! अब भुगतो।  |  B: मुझसे गलती हो गई, माफ़ कर दो।  |  A: माफ़ी ऐसे नहीं मिलेगी। अभी प्राइवेट वीडियो भेजो।",माफ़ी ऐसे नहीं मिलेगी। अभी प्राइवेट वीडियो भेजो।,grooming_coercive_language,High,Synthetic-Grooming-PAN12,synthetic,punishment coercion
synth_0351,Hindi,mixed,3,A: तुम्हारे सारे दोस्तों के नंबर मेरे पास हैं।  |  B: आपको कहाँ से मिले?  |  A: सबको तुम्हारा असली चेहरा दिखा दूंगा अगर तुमने मेरी बात काटी तो।,सबको तुम्हारा असली चेहरा दिखा दूंगा अगर तुमने मेरी बात काटी तो।,grooming_coercive_language,High,Synthetic-Grooming-PAN12,synthetic,contacts threat
synth_0352,Hindi,mixed,3,A: तुमने मुझे इग्नोर करने की हिम्मत कैसे की?  |  B: मैं होमवर्क कर रही थी।  |  A: मेरे मैसेज से जरूरी कोई होमवर्क नहीं है। अभी बात करो वरना पछताओगी।,मेरे मैसेज से जरूरी कोई होमवर्क नहीं है। अभी बात करो वरना पछताओगी।,grooming_coercive_language,High,Synthetic-Grooming-PAN12,synthetic,dominance threat
synth_0353,Hindi,mixed,3,A: तुम्हारे परिवार को बर्बाद कर दूंगा अगर तुमने मेरा कहा नहीं माना।  |  B: मेरे परिवार को बीच में मत लाओ प्लीज।  |  A: तो चुपचाप मिलने आ जाओ पार्क में।,तो चुपचाप मिलने आ जाओ पार्क में।,grooming_coercive_language,High,Synthetic-Grooming-PAN12,synthetic,family harm threat
synth_0354,Hindi,mixed,3,"A: मैंने तुम्हारी फोटो एडिट करके रखी है, एक क्लिक में सोशल मीडिया पर डाल दूंगा।  |  B: आप इतने गिरे हुए इंसान हो?  |  A: जब तक मेरा काम होता रहे मुझे कोई फर्क नहीं पड़ता।",जब तक मेरा काम होता रहे मुझे कोई फर्क नहीं पड़ता।,grooming_coercive_language,High,Synthetic-Grooming-PAN12,synthetic,morph photo threat
synth_0355,Hinglish,mixed,3,A: Reply nahi diya toh personal messages public kar dunga.  |  B: Please mat karo meri family destroy ho jayegi.  |  A: Toh phone uthao mera abhi aur video call pe aao.,Toh phone uthao mera abhi aur video call pe aao.,grooming_coercive_language,High,Synthetic-Grooming-PAN12,synthetic,leak threat
synth_0356,Hinglish,mixed,3,"A: Photo bhejo warna tumhari chats sabko dikha dunga school mein.  |  B: Main teacher ko complain kar dungi.  |  A: Karke dekh le, teacher ko batane se pehle group mein photo circulate ho jayegi.","Karke dekh le, teacher ko batane se pehle group mein photo circulate ho jayegi.",grooming_coercive_language,High,Synthetic-Grooming-PAN12,synthetic,school group circulation
synth_0357,Hinglish,mixed,3,"A: Agar tune block kiya toh tere ghar ke bahar khada ho jaunga.  |  B: Leave me alone please, main police ko call karunga.  |  A: Police aane se pehle tere papa ko sab dikha chuka hounga.",Police aane se pehle tere papa ko sab dikha chuka hounga.,grooming_coercive_language,High,Synthetic-Grooming-PAN12,synthetic,house arrival threat
synth_0358,Hinglish,mixed,3,"A: Maine tere liye itne diamonds aur gift bheje, ab tu mujhe ignore kar rahi hai?  |  B: Mujhe ye sab nahi chahiye tha.  |  A: Pay back kar 10,000 ya phir chupchap milne aa.","Pay back kar 10,000 ya phir chupchap milne aa.",grooming_coercive_language,High,Synthetic-Grooming-PAN12,synthetic,gift debt coercion
synth_0359,Hinglish,mixed,3,A: 5 minute mein photo nahi aayi toh tere Instagram pe leak kar dunga.  |  B: Net slow hai please wait.  |  A: No excuses! Count down shuru ho gaya hai.,No excuses! Count down shuru ho gaya hai.,grooming_coercive_language,High,Synthetic-Grooming-PAN12,synthetic,countdown coercion
synth_0360,Hinglish,mixed,3,"A: Mujhe pata hai tu kab tuition jati hai aur kab aati hai.  |  B: Tu stalk kyu kar raha hai mujhe?  |  A: Bach ke kahan jayegi, jaisa bolu waisa kar.","Bach ke kahan jayegi, jaisa bolu waisa kar.",grooming_coercive_language,High,Synthetic-Grooming-PAN12,synthetic,stalking intimidation
synth_0361,Hinglish,mixed,3,A: Agar kisine poocha toh bolna khud send kiya tha.  |  B: Main sach bata dungi sabko.  |  A: Sach batayegi toh poora mohalla thukega tere par. Better obey me.,Sach batayegi toh poora mohalla thukega tere par. Better obey me.,grooming_coercive_language,High,Synthetic-Grooming-PAN12,synthetic,blame shifting coercion
synth_0362,Hinglish,mixed,3,A: Abhi call pick kar warna tere bhai ko sab bhej raha hoon.  |  B: Bhai ko mat bhejna please.  |  A: Pick up right now then!,Pick up right now then!,grooming_coercive_language,High,Synthetic-Grooming-PAN12,synthetic,sibling threat
synth_0363,Hinglish,mixed,3,"A: Tune mujhe dhoka diya, ab dekh main tera kya haal karta hoon.  |  B: Maine koi dhoka nahi diya.  |  A: Teri saari private baatein leak hongi internet pe.",Teri saari private baatein leak hongi internet pe.,grooming_coercive_language,High,Synthetic-Grooming-PAN12,synthetic,spiteful leak
synth_0364,Hinglish,mixed,3,"A: Meri baat nahi manegi toh zinda rehne layak nahi chodunga.  |  B: I will report you to cyber cell.  |  A: Pehle apni izzat bacha le, photos viral karne ja raha hoon.","Pehle apni izzat bacha le, photos viral karne ja raha hoon.",grooming_coercive_language,High,Synthetic-Grooming-PAN12,synthetic,reputation ruin
synth_0365,Hinglish,mixed,3,"A: Ek aur photo bhej aur purani wali delete kar dunga, promise.  |  B: Pichli baar bhi yehi bola tha tumne.  |  A: Is baar sach keh raha hoon, bhej warna dono leak hongi.","Is baar sach keh raha hoon, bhej warna dono leak hongi.",grooming_coercive_language,High,Synthetic-Grooming-PAN12,synthetic,escalating extortion cycle
synth_0366,Hinglish,mixed,3,A: Tu mujhe block karne ki aukat rakhti hai?  |  B: Haa mujhe darr lagta hai tumse.  |  A: Ab dekh main tere doston ke groups mein kya dalta hoon.,Ab dekh main tere doston ke groups mein kya dalta hoon.,grooming_coercive_language,High,Synthetic-Grooming-PAN12,synthetic,hostile retaliation
synth_0367,Malayalam,mixed,3,"A: അനുസരിച്ചില്ലെങ്കിൽ നിന്റെ ഫോട്ടോകൾ കൂട്ടുകാർക്ക് അയച്ചു കൊടുക്കും.  |  B: ദയവായി അങ്ങനെ ചെയ്യരുത്, ഞാൻ നശിച്ചുപോകും.  |  A: എങ്കിൽ ഞാൻ പറയുന്നതുപോലെ കേൾക്ക്, കൂടുതൽ ഫോട്ടോസ് അയക്ക്.","എങ്കിൽ ഞാൻ പറയുന്നതുപോലെ കേൾക്ക്, കൂടുതൽ ഫോട്ടോസ് അയക്ക്.",grooming_coercive_language,High,Synthetic-Grooming-PAN12,synthetic,photo blackmail
synth_0368,Malayalam,mixed,3,"A: ഇപ്പോൾ ഫോട്ടോ അയയ്ക്കൂ, ഇല്ലെങ്കിൽ നിന്റെ രഹസ്യങ്ങൾ എല്ലാവരോടും പറയും.  |  B: എനിക്ക് വയ്യ, ഞാൻ ടീച്ചറോട് പറയും.  |  A: ടീച്ചറോട് പറഞ്ഞാൽ നിന്റെ സ്കൂളിലെ മുഴുവൻ ക്ലാസ്സിലും ഇത് എത്തും.",ടീച്ചറോട് പറഞ്ഞാൽ നിന്റെ സ്കൂളിലെ മുഴുവൻ ക്ലാസ്സിലും ഇത് എത്തും.,grooming_coercive_language,High,Synthetic-Grooming-PAN12,synthetic,school leak threat
synth_0369,Malayalam,mixed,3,"A: നീ എന്നെ ബ്ലോക്ക് ചെയ്താൽ നിന്റെ വീട് ഞാൻ കണ്ടുപിടിക്കും.  |  B: എന്നെ വെറുതെ വിടൂ, പേടിയാകുന്നു.  |  A: പേടിച്ച് കാര്യമില്ല, എന്റെ ഫോൺ കാൾ എടുക്ക് ഉടൻ.","പേടിച്ച് കാര്യമില്ല, എന്റെ ഫോൺ കാൾ എടുക്ക് ഉടൻ.",grooming_coercive_language,High,Synthetic-Grooming-PAN12,synthetic,stalking visit threat
synth_0370,Malayalam,mixed,3,A: അഞ്ച് മിനിറ്റിനുള്ളിൽ മറുപടി തന്നില്ലെങ്കിൽ നിന്റെ അച്ഛന് അയക്കും ചാറ്റ്.  |  B: അച്ഛൻ അറിഞ്ഞാൽ എന്നെ കൊല്ലും.  |  A: എങ്കിൽ ഞാൻ പറയുന്നത് അനുസരിക്കൂ വേഗം.,എങ്കിൽ ഞാൻ പറയുന്നത് അനുസരിക്കൂ വേഗം.,grooming_coercive_language,High,Synthetic-Grooming-PAN12,synthetic,parent exposure threat
synth_0371,Malayalam,mixed,3,A: നിനക്ക് വേണ്ടി ഞാൻ എത്ര പണം ചെലവാക്കി!  |  B: ഞാൻ പണം ചോദിച്ചില്ലല്ലോ.  |  A: പണം തിരികെ താ അല്ലെങ്കിൽ നാളെ ഞാൻ പറയുന്ന സ്ഥലത്ത് വാ.,പണം തിരികെ താ അല്ലെങ്കിൽ നാളെ ഞാൻ പറയുന്ന സ്ഥലത്ത് വാ.,grooming_coercive_language,High,Synthetic-Grooming-PAN12,synthetic,financial coercion
synth_0372,Malayalam,mixed,3,"A: നിന്റെ സ്കൂൾ ബസ് വരുന്ന സമയം എനിക്കറിയാം.  |  B: നിങ്ങൾ എന്നെ എന്തിനാണ് ശല്യം ചെയ്യുന്നത്?  |  A: ഓടാൻ നോക്കണ്ട, ഞാൻ പറയുന്നത് കേട്ടാൽ മാത്രം മതി.","ഓടാൻ നോക്കണ്ട, ഞാൻ പറയുന്നത് കേട്ടാൽ മാത്രം മതി.",grooming_coercive_language,High,Synthetic-Grooming-PAN12,synthetic,bus route intimidation
synth_0373,Malayalam,mixed,3,"A: എന്റെ കയ്യിൽ നിന്റെ സ്ക്രീൻഷോട്ടുകൾ ഉണ്ടെന്ന് മറക്കരുത്.  |  B: അത് ഡിലീറ്റ് ചെയ്യുമെന്ന് പറഞ്ഞിരുന്നല്ലോ.  |  A: ഞാൻ മാറ്റിയിട്ടില്ല, അനുസരിച്ചില്ലെങ്കിൽ ഫേസ്ബുക്കിൽ ഇടും.","ഞാൻ മാറ്റിയിട്ടില്ല, അനുസരിച്ചില്ലെങ്കിൽ ഫേസ്ബുക്കിൽ ഇടും.",grooming_coercive_language,High,Synthetic-Grooming-PAN12,synthetic,screenshot blackmail
synth_0374,Malayalam,mixed,3,"A: വീഡിയോ കോൾ അറ്റൻഡ് ചെയ്യ്, ഇല്ലെങ്കിൽ നിന്റെ കൂട്ടുകാരോട് പറയും.  |  B: വീട്ടിൽ ആളുണ്ട് ഇപ്പോൾ പറ്റില്ല.  |  A: എനിക്ക് അതൊന്നും കേൾക്കേണ്ട, കോൾ എടുക്ക്.","എനിക്ക് അതൊന്നും കേൾക്കേണ്ട, കോൾ എടുക്ക്.",grooming_coercive_language,High,Synthetic-Grooming-PAN12,synthetic,forced video call
synth_0375,Malayalam,mixed,3,A: നിന്റെ ജീവിതം ഞാൻ ഇല്ലാതാക്കും.  |  B: ഞാൻ പോലീസിൽ പരാതിപ്പെടും.  |  A: പോലീസ് വരുന്നതിന് മുൻപ് നിന്റെ നാണക്കേട് നാടറിയും.,പോലീസ് വരുന്നതിന് മുൻപ് നിന്റെ നാണക്കേട് നാടറിയും.,grooming_coercive_language,High,Synthetic-Grooming-PAN12,synthetic,ruining life threat
synth_0376,Malayalam,mixed,3,"A: നീ എന്നെ പറ്റിക്കുകയാണോ? അനുഭവിക്കും നീ.  |  B: മാപ്പ് തരൂ, ഞാൻ ഇനി ചെയ്യില്ല.  |  A: മാപ്പ് വേണമെങ്കിൽ നാളെ തനിച്ചു കാണാൻ വരണം.",മാപ്പ് വേണമെങ്കിൽ നാളെ തനിച്ചു കാണാൻ വരണം.,grooming_coercive_language,High,Synthetic-Grooming-PAN12,synthetic,forced meeting punishment
synth_0377,Malayalam,mixed,3,A: നിന്റെ എല്ലാ ഫ്രണ്ട്സിന്റെയും നമ്പർ എന്റെ കയ്യിലുണ്ട്.  |  B: അയ്യോ ഒന്നും ചെയ്യരുതേ.  |  A: എങ്കിൽ ഞാൻ പറയുന്നത് മാത്രം ചെയ്യുക.,എങ്കിൽ ഞാൻ പറയുന്നത് മാത്രം ചെയ്യുക.,grooming_coercive_language,High,Synthetic-Grooming-PAN12,synthetic,contact list intimidation
synth_0378,Malayalam,mixed,3,A: എഡിറ്റ് ചെയ്ത ഫോട്ടോകൾ ഇന്റർനെറ്റിൽ അപ്‌ലോഡ് ചെയ്യും ഞാൻ.  |  B: നിങ്ങൾ എന്തിനാണ് ഇത്ര ക്രൂരനാകുന്നത്?  |  A: കാര്യം നടക്കാൻ എനിക്ക് ഇതൊക്കെ ചെയ്യേണ്ടി വരും.,കാര്യം നടക്കാൻ എനിക്ക് ഇതൊക്കെ ചെയ്യേണ്ടി വരും.,grooming_coercive_language,High,Synthetic-Grooming-PAN12,synthetic,morph upload threat
synth_0379,Manglish,mixed,3,"A: Photo ayakku allenkil ninte secrets ellavarkkum parayum.  |  B: Please chetta angane cheyyalle.  |  A: Enkil ippol thanne photo ayakkeda, illenkil njan leak aakkum.","Enkil ippol thanne photo ayakkeda, illenkil njan leak aakkum.",grooming_coercive_language,High,Synthetic-Grooming-PAN12,synthetic,photo blackmail
synth_0380,Manglish,mixed,3,"A: Ente vaakku kettillenkil photos friends inu ayakkum.  |  B: Njan chathupokum chetta.  |  A: Chathalum enikku kuzhappamilla, call edu ippol.","Chathalum enikku kuzhappamilla, call edu ippol.",grooming_coercive_language,High,Synthetic-Grooming-PAN12,synthetic,cruel leak threat
synth_0381,Manglish,mixed,3,"A: Block cheythaal ninte veetil varum njan.  |  B: Enne shalyam cheyyathe vidu.  |  A: Ninte schoolilekkum njan varum, naatukare kaanikkum chats.","Ninte schoolilekkum njan varum, naatukare kaanikkum chats.",grooming_coercive_language,High,Synthetic-Grooming-PAN12,synthetic,house visit threat
synth_0382,Manglish,mixed,3,A: 5 mins il reply thന്നillel ninte achanu WhatsApp ayakkum.  |  B: Achan arinjaal enne kollum.  |  A: Achan ariyaruthu enkil njan parayunnathu cheyyu.,Achan ariyaruthu enkil njan parayunnathu cheyyu.,grooming_coercive_language,High,Synthetic-Grooming-PAN12,synthetic,father leak threat
synth_0383,Manglish,mixed,3,"A: Njan ninte koode ulla screenshots groupil idum.  |  B: Delete cheytho please.  |  A: Illa, njan parayunna pole video callil vaa.","Illa, njan parayunna pole video callil vaa.",grooming_coercive_language,High,Synthetic-Grooming-PAN12,synthetic,group leak threat
synth_0384,Manglish,mixed,3,"A: Ninte bus route enikku ariyaam da.  |  B: Nee enne follow cheyyukayaano?  |  A: Athe, enne ignore cheythal oru nallathum undaavilla.","Athe, enne ignore cheythal oru nallathum undaavilla.",grooming_coercive_language,High,Synthetic-Grooming-PAN12,synthetic,stalking route
synth_0385,Manglish,mixed,3,A: Ninakku njan spend cheytha cash thirichu thaa.  |  B: Ente kayyil cash illa.  |  A: Cash illenkil naale enne meet cheyyaan varanam.,Cash illenkil naale enne meet cheyyaan varanam.,grooming_coercive_language,High,Synthetic-Grooming-PAN12,synthetic,cash or meet coercion
synth_0386,Manglish,mixed,3,A: Ninte classmates inte Instagram id ellam ente kayyil undu.  |  B: Avarkku onnum ayakkalle please.  |  A: Enkil photo ayakkeda ippol thanne.,Enkil photo ayakkeda ippol thanne.,grooming_coercive_language,High,Synthetic-Grooming-PAN12,synthetic,classmate leak threat
synth_0387,Manglish,mixed,3,"A: Police inu koduthal ninte reputation theerum.  |  B: Nee enne blackmail cheyyukayaano?  |  A: Athe blackmail aanu, enthu cheyyum nee?","Athe blackmail aanu, enthu cheyyum nee?",grooming_coercive_language,High,Synthetic-Grooming-PAN12,synthetic,blatant blackmail
synth_0388,Manglish,mixed,3,"A: Innu night video call cheyyanam, illenkil naale schoolil naattikkum.  |  B: Enikku bayam aavunnu.  |  A: Bayannu irunnoloo, call edukkan marakkanda.","Bayannu irunnoloo, call edukkan marakkanda.",grooming_coercive_language,High,Synthetic-Grooming-PAN12,synthetic,night call coercion
synth_0389,Manglish,mixed,3,A: Nee aarodengilum paranjaal ninte kudumbathe njan theerkkum.  |  B: Kudumbathe onnum cheyyalle.  |  A: Enkil njan parayunnathu mathram cheythaal mathi.,Enkil njan parayunnathu mathram cheythaal mathi.,grooming_coercive_language,High,Synthetic-Grooming-PAN12,synthetic,family threat
synth_0390,Manglish,mixed,3,"A: Edited photos upload cheyyaan 1 click mathi enikku.  |  B: Please mercy kaanikku.  |  A: Enikku mercy illa, work done aavanam.","Enikku mercy illa, work done aavanam.",grooming_coercive_language,High,Synthetic-Grooming-PAN12,synthetic,photo upload intimidation
synth_0391,English,roman,3,A: Our whole class thinks you are a pathetic failure. Nobody wants you here.  |  B: Why are you being so mean to me?  |  A: Because you are ugly and worthless. Do everyone a favor and leave.,Because you are ugly and worthless. Do everyone a favor and leave.,bullying_harassment,Medium,Synthetic-Grooming-PAN12,synthetic,exclusion humiliation
synth_0392,English,roman,3,"A: Look at what you're wearing, you look like a clown.  |  B: It's my normal clothes.  |  A: Everyone in school is laughing at you behind your back, loser.","Everyone in school is laughing at you behind your back, loser.",bullying_harassment,Medium,Synthetic-Grooming-PAN12,synthetic,appearance mockery
synth_0393,English,roman,3,A: Nobody likes you. Delete your account and disappear.  |  B: Stop messaging me.  |  A: You can't stop us. We will make sure you cry every single day at school.,You can't stop us. We will make sure you cry every single day at school.,bullying_harassment,Medium,Synthetic-Grooming-PAN12,synthetic,delete account harassment
synth_0394,English,roman,3,A: Kick this idiot out of the group chat right now.  |  B: What did I even do?  |  A: You exist and you're annoying. Get lost freak.,You exist and you're annoying. Get lost freak.,bullying_harassment,Medium,Synthetic-Grooming-PAN12,synthetic,group kicking
synth_0395,English,roman,3,A: Did you see your test score? Absolute moron.  |  B: I tried my best.  |  A: Your best is garbage. You will never amount to anything in life.,Your best is garbage. You will never amount to anything in life.,bullying_harassment,Medium,Synthetic-Grooming-PAN12,synthetic,academic insult
synth_0396,English,roman,3,"A: Everyone agree: don't sit with them at lunch tomorrow.  |  B: Can you guys please stop isolating me?  |  A: No, nobody wants to sit next to a weirdo.","No, nobody wants to sit next to a weirdo.",bullying_harassment,Medium,Synthetic-Grooming-PAN12,synthetic,lunch exclusion
synth_0397,English,roman,3,"A: You have zero friends in the entire grade.  |  B: I have friends in other classes.  |  A: They only tolerate you out of pity, trust me. You are a reject.","They only tolerate you out of pity, trust me. You are a reject.",bullying_harassment,Medium,Synthetic-Grooming-PAN12,synthetic,social isolation
synth_0398,English,roman,3,A: Why don't you just quit the sports team? You make us lose every game.  |  B: Coach said I'm improving.  |  A: Coach is lying to be nice. You are completely useless.,Coach is lying to be nice. You are completely useless.,bullying_harassment,Medium,Synthetic-Grooming-PAN12,synthetic,sports bullying
synth_0399,English,roman,3,"A: Posting that embarrassing video of you falling in gym class on TikTok.  |  B: Please don't post that!  |  A: Already got 500 views, everyone is clowning you haha.","Already got 500 views, everyone is clowning you haha.",bullying_harassment,Medium,Synthetic-Grooming-PAN12,synthetic,viral humiliation
synth_0400,English,roman,3,A: You are the biggest crybaby in the school.  |  B: Leave me alone!  |  A: Aww gonna cry to teacher again? Tattletale loser.,Aww gonna cry to teacher again? Tattletale loser.,bullying_harassment,Medium,Synthetic-Grooming-PAN12,synthetic,name calling
synth_0401,English,roman,3,"A: You are disgusting, don't even look at our table.  |  B: I'm just walking by.  |  A: Keep walking trash, stay far away from us.","Keep walking trash, stay far away from us.",bullying_harassment,Medium,Synthetic-Grooming-PAN12,synthetic,verbal abuse
synth_0402,English,roman,3,"A: We made a poll about who is the ugliest person in grade 8 and you won.  |  B: That's so cruel.  |  A: Truth hurts, don't show your face tomorrow.","Truth hurts, don't show your face tomorrow.",bullying_harassment,Medium,Synthetic-Grooming-PAN12,synthetic,cruel poll harassment
synth_0403,Hindi,mixed,3,A: पूरा क्लास तुम पर हंसता है। तुम किसी काम के नहीं हो।  |  B: मैंने तुम्हारा क्या बिगाड़ा है?  |  A: तुम पैदा ही जोकर की तरह हुए हो। ग्रुप से निकलो यहाँ से।,तुम पैदा ही जोकर की तरह हुए हो। ग्रुप से निकलो यहाँ से।,bullying_harassment,Medium,Synthetic-Grooming-PAN12,synthetic,class mockery
synth_0404,Hindi,mixed,3,A: अपनी शक्ल देखी है आईने में? बिल्कुल बदसूरत लगते हो।  |  B: मुझसे ऐसे बात मत करो।  |  A: सच कड़वा लगता है ना? कोई तुमसे दोस्ती नहीं करना चाहता।,सच कड़वा लगता है ना? कोई तुमसे दोस्ती नहीं करना चाहता।,bullying_harassment,Medium,Synthetic-Grooming-PAN12,synthetic,appearance insult
synth_0405,Hindi,mixed,3,"A: इस बेवकूफ को ग्रुप से रिमूव करो सब लोग।  |  B: मुझे प्रोजेक्ट के बारे में पूछना था।  |  A: तेरे जैसे गधे से कोई बात नहीं करना चाहता, दफा हो जा।","तेरे जैसे गधे से कोई बात नहीं करना चाहता, दफा हो जा।",bullying_harassment,Medium,Synthetic-Grooming-PAN12,synthetic,group expulsion
synth_0406,Hindi,mixed,3,"A: तुम हमेशा फेल होते हो, तुमसे कुछ नहीं होगा जिंदगी में।  |  B: मैं मेहनत कर रहा हूँ।  |  A: मेहनत करके भी तू लूजर ही रहेगा।",मेहनत करके भी तू लूजर ही रहेगा।,bullying_harassment,Medium,Synthetic-Grooming-PAN12,synthetic,failure shaming
synth_0407,Hindi,mixed,3,"A: कल लंच में इसके साथ कोई नहीं बैठेगा।  |  B: तुम सब मुझे क्यों परेशान कर रहे हो?  |  A: क्योंकि तू अजीब है, कोई तेरे पास नहीं आना चाहता।","क्योंकि तू अजीब है, कोई तेरे पास नहीं आना चाहता।",bullying_harassment,Medium,Synthetic-Grooming-PAN12,synthetic,lunch boycott
synth_0408,Hindi,mixed,3,"A: जाकर अपनी मम्मी के पल्लू में छुप जा रोतू बच्चे।  |  B: मैं टीचर को शिकायत कर दूंगा।  |  A: कर दे शिकायत चुगलखोर, कल स्कूल में और ज्यादा पीटेंगे तुझे।","कर दे शिकायत चुगलखोर, कल स्कूल में और ज्यादा पीटेंगे तुझे।",bullying_harassment,Medium,Synthetic-Grooming-PAN12,synthetic,tattletale threats
synth_0409,Hindi,mixed,3,A: तेरी औकात नहीं है हमारे ग्रुप में रहने की।  |  B: हम सब क्लासमेट्स हैं।  |  A: क्लासमेट्स हैं पर तू हमारे जूतों के बराबर भी नहीं है।,क्लासमेट्स हैं पर तू हमारे जूतों के बराबर भी नहीं है।,bullying_harassment,Medium,Synthetic-Grooming-PAN12,synthetic,status humiliation
synth_0410,Hindi,mixed,3,"A: सब सुन लो, कोई भी इससे बात नहीं करेगा कल से।  |  B: प्लीज ऐसा मत करो, मुझे अकेला मत छोड़ो।  |  A: तू अकेला रहने के ही लायक है कचरा।",तू अकेला रहने के ही लायक है कचरा।,bullying_harassment,Medium,Synthetic-Grooming-PAN12,synthetic,total boycott
synth_0411,Hindi,mixed,3,A: तुम्हारा मजाक उड़ाना हमारा रोज का काम है।  |  B: तुम लोग बहुत बुरे हो।  |  A: हम बुरे हैं तो स्कूल छोड़ दे ना भिखारी।,हम बुरे हैं तो स्कूल छोड़ दे ना भिखारी।,bullying_harassment,Medium,Synthetic-Grooming-PAN12,synthetic,persistent harassment
synth_0412,Hindi,mixed,3,A: तेरी आवाज सुनकर उल्टी आती है। बोलना बंद कर।  |  B: मैं बस आंसर दे रहा था।  |  A: मुंह बंद रख अपना जब तक हम न बोलें।,मुंह बंद रख अपना जब तक हम न बोलें।,bullying_harassment,Medium,Synthetic-Grooming-PAN12,synthetic,verbal silencing
synth_0413,Hindi,mixed,3,"A: आज ग्राउंड में इसको गिरा के बहुत मजा आया।  |  B: मेरी वर्दी फट गई तुम्हारी वजह से।  |  A: कल फिर गिरायेंगे, रोना बंद कर नौटंकी।","कल फिर गिरायेंगे, रोना बंद कर नौटंकी।",bullying_harassment,Medium,Synthetic-Grooming-PAN12,synthetic,physical teasing shaming
synth_0414,Hindi,mixed,3,A: तेरे जैसे मंदबुद्धि को तो स्पेशल स्कूल में जाना चाहिए।  |  B: तुम मुझे गाली क्यों दे रहे हो?  |  A: गाली नहीं सच्चाई बता रहे हैं लूजर।,गाली नहीं सच्चाई बता रहे हैं लूजर।,bullying_harassment,Medium,Synthetic-Grooming-PAN12,synthetic,intellectual slur
synth_0415,Hinglish,mixed,3,"A: Poori class tera mazaak banayegi, tu kisi kaam ka nahi hai.  |  B: Kyu piche pade ho mere?  |  A: Kyunki tu ek number ka loser aur freeloader hai. Nikal group se.",Kyunki tu ek number ka loser aur freeloader hai. Nikal group se.,bullying_harassment,Medium,Synthetic-Grooming-PAN12,synthetic,harassment loser
synth_0416,Hinglish,mixed,3,"A: Apni shakal dekhi hai mirror mein? Chirkut lagta hai.  |  B: Bhai maine tera kya bigada?  |  A: Teri shakal dekh ke hi gussa aata hai, loser kahin ka.","Teri shakal dekh ke hi gussa aata hai, loser kahin ka.",bullying_harassment,Medium,Synthetic-Grooming-PAN12,synthetic,appearance insult
synth_0417,Hinglish,mixed,3,"A: Is gadhe ko kick out karo group chat se.  |  B: Mujhe exam notes chahiye the.  |  A: Bhikari ki tarah notes mat maang, khud padhna nahi aata kya?","Bhikari ki tarah notes mat maang, khud padhna nahi aata kya?",bullying_harassment,Medium,Synthetic-Grooming-PAN12,synthetic,academic humiliation
synth_0418,Hinglish,mixed,3,"A: Nobody likes you in this school, sab tera mazaak udate hain.  |  B: Leave me alone please.  |  A: Ro mat baby, mummy ko jaake complain karega kya chuglikhor?","Ro mat baby, mummy ko jaake complain karega kya chuglikhor?",bullying_harassment,Medium,Synthetic-Grooming-PAN12,synthetic,crybaby shaming
synth_0419,Hinglish,mixed,3,A: Kal iske tiffin ko dustbin mein fenk denge.  |  B: Mummy ne subah mehnat se banaya tha.  |  A: Haha kachre ka khana kachre ke dabba mein hi jayega.,Haha kachre ka khana kachre ke dabba mein hi jayega.,bullying_harassment,Medium,Synthetic-Grooming-PAN12,synthetic,lunch destruction threat
synth_0420,Hinglish,mixed,3,"A: Tu gaming mein sabse bada bot hai, uninstall kar de game.  |  B: Practice kar raha hoon.  |  A: Tu kabhi seekh nahi payega, kachra player hai tu.","Tu kabhi seekh nahi payega, kachra player hai tu.",bullying_harassment,Medium,Synthetic-Grooming-PAN12,synthetic,gaming insult
synth_0421,Hinglish,mixed,3,"A: Tera number sab spam groups mein daal diya maine.  |  B: Mera phone hang ho raha hai, delete kar!  |  A: Enjoy kar spam calls idiot haha.",Enjoy kar spam calls idiot haha.,bullying_harassment,Medium,Synthetic-Grooming-PAN12,synthetic,doxxing harassment
synth_0422,Hinglish,mixed,3,"A: Tu itna irritating hai ki tere paas koi baithna nahi chahta.  |  B: Main toh chupchap baithta hoon.  |  A: Wahi toh, creep ki tarah ghoorta rehta hai sabko.","Wahi toh, creep ki tarah ghoorta rehta hai sabko.",bullying_harassment,Medium,Synthetic-Grooming-PAN12,synthetic,social labelling
synth_0423,Hinglish,mixed,3,"A: Kal sports period mein tera bat tod denge hum log.  |  B: Naya bat hai mera, mat todo!  |  A: Toh team se nikal ja khud hi loser.",Toh team se nikal ja khud hi loser.,bullying_harassment,Medium,Synthetic-Grooming-PAN12,synthetic,property threat
synth_0424,Hinglish,mixed,3,"A: We will make sure tu school chhod ke bhaag jaye.  |  B: Main principal ko bataunga.  |  A: Principal bhi tujhpe hasega, tu jhootha hai.","Principal bhi tujhpe hasega, tu jhootha hai.",bullying_harassment,Medium,Synthetic-Grooming-PAN12,synthetic,pushing out of school
synth_0425,Hinglish,mixed,3,"A: Tere kapde kitne gande hain, kapde dhone ke paise nahi hain kya?  |  B: Class mein sabke samne mat bolo ye.  |  A: Sabko pata chalna chahiye tu kitna gareeb aur cheap hai.",Sabko pata chalna chahiye tu kitna gareeb aur cheap hai.,bullying_harassment,Medium,Synthetic-Grooming-PAN12,synthetic,poverty shaming
synth_0426,Hinglish,mixed,3,"A: Shut up freak, nobody asked for your opinion.  |  B: Teacher ne sabko bolne ko bola tha.  |  A: Tere muh se gobar nikalta hai, chup reh bilkul.","Tere muh se gobar nikalta hai, chup reh bilkul.",bullying_harassment,Medium,Synthetic-Grooming-PAN12,synthetic,vulgar silencing
synth_0427,Malayalam,mixed,3,A: നീ വെറും വിഡ്ഢിയാണ്. ക്ലാസ്സിൽ എല്ലാവരും നിന്നെ കളിയാക്കും.  |  B: ഞാൻ നിങ്ങളെ ഒന്നും ചെയ്തിട്ടില്ലല്ലോ.  |  A: നീ ജീവിച്ചിരിക്കുന്നത് തന്നെ ഒരു കോമാളിയായിട്ടാണ്. പോയി ചാക്.,നീ ജീവിച്ചിരിക്കുന്നത് തന്നെ ഒരു കോമാളിയായിട്ടാണ്. പോയി ചാക്.,bullying_harassment,Medium,Synthetic-Grooming-PAN12,synthetic,cruel insult
synth_0428,Malayalam,mixed,3,A: നിന്റെ മുഖം കണ്ടാൽ അറപ്പ് തോന്നും. ഇങ്ങോട്ട് നോക്കരുത്.  |  B: ഇങ്ങനെ മോശമായി സംസാരിക്കരുത്.  |  A: സത്യം പറയുമ്പോൾ എന്തിനാ കരയുന്നത് തോൽവി? നിന്നെ ആർക്കും ഇഷ്ടമല്ല.,സത്യം പറയുമ്പോൾ എന്തിനാ കരയുന്നത് തോൽവി? നിന്നെ ആർക്കും ഇഷ്ടമല്ല.,bullying_harassment,Medium,Synthetic-Grooming-PAN12,synthetic,appearance insult
synth_0429,Malayalam,mixed,3,"A: ഈ മന്ദബുദ്ധിയെ ഗ്രൂപ്പിൽ നിന്ന് പുറത്താക്ക്.  |  B: എനിക്ക് ഹോംവർക്ക് ചോദിക്കാനായിരുന്നു.  |  A: നിനക്ക് ഒന്നും അറിയില്ല, നീ വെറും പരാജയമാണ്.","നിനക്ക് ഒന്നും അറിയില്ല, നീ വെറും പരാജയമാണ്.",bullying_harassment,Medium,Synthetic-Grooming-PAN12,synthetic,group expulsion
synth_0430,Malayalam,mixed,3,"A: നാളെ ഇവന്റെ കൂടെ ആരും ഉച്ചഭക്ഷണം കഴിക്കരുത്.  |  B: നിങ്ങൾ എന്നെ എന്തിനാണ് ഒറ്റപ്പെടുത്തുന്നത്?  |  A: നീ വൃത്തികെട്ടവനാണ്, നിന്റെ കൂടെ ഇരിക്കാൻ ആർക്കും കൊള്ളില്ല.","നീ വൃത്തികെട്ടവനാണ്, നിന്റെ കൂടെ ഇരിക്കാൻ ആർക്കും കൊള്ളില്ല.",bullying_harassment,Medium,Synthetic-Grooming-PAN12,synthetic,lunch exclusion
synth_0431,Malayalam,mixed,3,A: ടീച്ചറോട് ചെന്ന് പരാതി പറഞ്ഞ് കരയൂ കൊച്ചു കുട്ടീ.  |  B: ഞാൻ പരാതി പറയും തീർച്ചയായും.  |  A: പരാതി പറഞ്ഞാൽ നാളെ സ്കൂളിൽ വെച്ച് നിന്നെ കൈകാര്യം ചെയ്യും.,പരാതി പറഞ്ഞാൽ നാളെ സ്കൂളിൽ വെച്ച് നിന്നെ കൈകാര്യം ചെയ്യും.,bullying_harassment,Medium,Synthetic-Grooming-PAN12,synthetic,retaliation threat
synth_0432,Malayalam,mixed,3,"A: നിന്റെ മാർക്ക് കണ്ടാൽ ആർക്കും ചിരി വരും, പൂജ്യം കിട്ടാൻ നാണമില്ലേ?  |  B: ഞാൻ അടുത്ത തവണ നന്നായി പഠിക്കും.  |  A: എത്ര പഠിച്ചാലും നീ ഒരു പൊട്ടനായി തന്നെ ഇരിക്കും.",എത്ര പഠിച്ചാലും നീ ഒരു പൊട്ടനായി തന്നെ ഇരിക്കും.,bullying_harassment,Medium,Synthetic-Grooming-PAN12,synthetic,academic shaming
synth_0433,Malayalam,mixed,3,A: നിന്റെ വസ്ത്രങ്ങൾ കണ്ടാൽ ഭിക്ഷക്കാരനെപ്പോലെയുണ്ട്.  |  B: ഇത് പുതിയ യൂണിഫോം ആണ്.  |  A: നിന്റെ വീട്ടിലെ ദാരിദ്ര്യം സ്കൂളിൽ കാട്ടരുത്.,നിന്റെ വീട്ടിലെ ദാരിദ്ര്യം സ്കൂളിൽ കാട്ടരുത്.,bullying_harassment,Medium,Synthetic-Grooming-PAN12,synthetic,poverty shaming
synth_0434,Malayalam,mixed,3,"A: സ്കൂളിൽ നിനക്ക് ഒരു കൂട്ട് പോലുമില്ലാത്തത് എന്തുകൊണ്ടാണെന്ന് അറിയാമോ?  |  B: എനിക്ക് നല്ല കൂട്ടുകാരുണ്ട്.  |  A: ആരുമില്ല, എല്ലാവരും നിന്നെ കളിയാക്കുകയാണ് ചെയ്യുന്നത്.","ആരുമില്ല, എല്ലാവരും നിന്നെ കളിയാക്കുകയാണ് ചെയ്യുന്നത്.",bullying_harassment,Medium,Synthetic-Grooming-PAN12,synthetic,friendless shaming
synth_0435,Malayalam,mixed,3,"A: ഫുട്ബോൾ ടീമിൽ ഇവനെ എടുക്കരുത്, കളി തോൽപ്പിക്കും.  |  B: ഞാൻ നന്നായി കളിക്കുന്നുണ്ട്.  |  A: നീ കളിച്ചാൽ പന്ത് പോലും തൊടില്ല, പോയി വല്ല മൂലയിലും ഇരിക്ക്.","നീ കളിച്ചാൽ പന്ത് പോലും തൊടില്ല, പോയി വല്ല മൂലയിലും ഇരിക്ക്.",bullying_harassment,Medium,Synthetic-Grooming-PAN12,synthetic,sports exclusion
synth_0436,Malayalam,mixed,3,"A: നിന്റെ ശബ്ദം കേൾക്കുമ്പോൾ തന്നെ വെറുപ്പ് തോന്നുന്നു.  |  B: മിണ്ടാതിരിക്ക് നിർത്തൂ!  |  A: നീ ആണ് മിണ്ടാതിരിക്കേണ്ടത്, വായ തുറക്കരുത് ക്ലാസ്സിൽ.","നീ ആണ് മിണ്ടാതിരിക്കേണ്ടത്, വായ തുറക്കരുത് ക്ലാസ്സിൽ.",bullying_harassment,Medium,Synthetic-Grooming-PAN12,synthetic,silencing verbal abuse
synth_0437,Malayalam,mixed,3,A: നാളെ നിന്റെ പുസ്തകങ്ങൾ ഞങ്ങൾ കീറി കളയും.  |  B: അയ്യോ അങ്ങനെ ചെയ്യല്ലേ!  |  A: എങ്കിൽ നാളെ ഞങ്ങൾക്ക് ഹോംവർക്ക് എഴുതി തരണം അടിമ.,എങ്കിൽ നാളെ ഞങ്ങൾക്ക് ഹോംവർക്ക് എഴുതി തരണം അടിമ.,bullying_harassment,Medium,Synthetic-Grooming-PAN12,synthetic,extortion bullying
synth_0438,Malayalam,mixed,3,A: നിന്റെ വീഡിയോ ഞങ്ങൾ സോഷ്യൽ മീഡിയയിൽ ഇട്ട് നാറ്റിക്കും.  |  B: ദയവായി എന്നെ വെറുതെ വിടൂ.  |  A: കരഞ്ഞു കാലുപിടിച്ചാലും ഞങ്ങൾ അത് ചെയ്യും.,കരഞ്ഞു കാലുപിടിച്ചാലും ഞങ്ങൾ അത് ചെയ്യും.,bullying_harassment,Medium,Synthetic-Grooming-PAN12,synthetic,online shaming
synth_0439,Manglish,mixed,3,"A: Class muzhuvan ninne kaliyaakkum, nee mandan alle.  |  B: Njan enthu cheythitta enne ingane parayunnathu?  |  A: Ninte face kandal thanne aarkkum thonnum nee oru loser aanennu.",Ninte face kandal thanne aarkkum thonnum nee oru loser aanennu.,bullying_harassment,Medium,Synthetic-Grooming-PAN12,synthetic,class loser
synth_0440,Manglish,mixed,3,"A: Ee pottane group il ninnu thurathanam.  |  B: Njan project work cheyyan undu.  |  A: Nee onnum cheyyan ariyilla, groupil ninnu erangi podo.","Nee onnum cheyyan ariyilla, groupil ninnu erangi podo.",bullying_harassment,Medium,Synthetic-Grooming-PAN12,synthetic,group kicking
synth_0441,Manglish,mixed,3,A: Naale schoolil vechu ninakku njan tharam ketto.  |  B: Teacher nodu njan ippol thanne parayum.  |  A: Teacher nodu paranjaal pinne ninte kaalu njan thalliyodikkum.,Teacher nodu paranjaal pinne ninte kaalu njan thalliyodikkum.,bullying_harassment,Medium,Synthetic-Grooming-PAN12,synthetic,threat of assault
synth_0442,Manglish,mixed,3,A: Ninte dress kandal aarkkum chirikkan thonnum.  |  B: Ente dressinu entha kuzhappam?  |  A: Kandaal oru picha kaaranu polum ithilum nalla look undaavum.,Kandaal oru picha kaaranu polum ithilum nalla look undaavum.,bullying_harassment,Medium,Synthetic-Grooming-PAN12,synthetic,appearance mockery
synth_0443,Manglish,mixed,3,"A: Aarkkum ninne ishtamilla da mandan.  |  B: Nee mathram aanu ingane parayunnathu.  |  A: School muzhuvan choykku, aarum ninte koode varilla.","School muzhuvan choykku, aarum ninte koode varilla.",bullying_harassment,Medium,Synthetic-Grooming-PAN12,synthetic,social exclusion
synth_0444,Manglish,mixed,3,"A: Nee game il oru noob aanu, delete cheythittu podee.  |  B: Njan learn cheyyukayaa.  |  A: Nee orikkalum improve aavilla, bot aanu nee.","Nee orikkalum improve aavilla, bot aanu nee.",bullying_harassment,Medium,Synthetic-Grooming-PAN12,synthetic,gaming insult
synth_0445,Manglish,mixed,3,A: Ninte mark list kandal achan ninne thallum haha.  |  B: Nee nokkenda ente mark.  |  A: Class groupil ninte mark share cheyyaan pokuva njan.,Class groupil ninte mark share cheyyaan pokuva njan.,bullying_harassment,Medium,Synthetic-Grooming-PAN12,synthetic,mark shaming
synth_0446,Manglish,mixed,3,A: Ammayude madiyil poyi karayeda pashu.  |  B: Mindathe irikkeda.  |  A: Vaya thurannaal ninte pallu njan adichu kozhikkum.,Vaya thurannaal ninte pallu njan adichu kozhikkum.,bullying_harassment,Medium,Synthetic-Grooming-PAN12,synthetic,violence threat
synth_0447,Manglish,mixed,3,A: Lunch timil ivante koode aarum irikkaruthu.  |  B: Ente food enkilum enikku kazhikkande?  |  A: Toilet inte aduthu poyi kazhikkeda.,Toilet inte aduthu poyi kazhikkeda.,bullying_harassment,Medium,Synthetic-Grooming-PAN12,synthetic,lunch harassment
synth_0448,Manglish,mixed,3,"A: Ninakku friends illa, oru life polum illa.  |  B: Enikku ningale pole aavenda.  |  A: Ninne pole oru failure aavathirunnathu ente bhagyam.",Ninne pole oru failure aavathirunnathu ente bhagyam.,bullying_harassment,Medium,Synthetic-Grooming-PAN12,synthetic,failure insult
synth_0449,Manglish,mixed,3,"A: Ninte cycle njan puncher aakum innu.  |  B: Njan nadannu pokendi varum.  |  A: Nadannu thanne po, athanu ninakku pattiya pani.","Nadannu thanne po, athanu ninakku pattiya pani.",bullying_harassment,Medium,Synthetic-Grooming-PAN12,synthetic,property vandalism
synth_0450,Manglish,mixed,3,A: Nee aaraada njan parayunnathu kettilla ennu parayaan?  |  B: Nee aara enne order cheyyan?  |  A: Naale kaanichu tharaam njan aaraannu.,Naale kaanichu tharaam njan aaraannu.,bullying_harassment,Medium,Synthetic-Grooming-PAN12,synthetic,bullying dominance
real_hasoc_2020_hindi_0001,Hindi,native,1,A: इसके लिए तैयारी हो रखी है आपको जान देने की जरूरत नहीं है। रक्षा मंत्री एक महिला है वो किसी भी लड़की को इस्तेमाल नहीं करेंगी।🤔,इसके लिए तैयारी हो रखी है आपको जान देने की जरूरत नहीं है। रक्षा मंत्री एक महिला है वो किसी भी लड़की को इस्तेमाल नहीं करेंगी।🤔,bullying_harassment,Medium,HASOC-2020-Hindi,real,Hostile or offensive public comment identified in HASOC FIRE dataset.
real_hasoc_2020_hindi_0002,Hindi,mixed,1,"A: RT : दिल्ली के मुख्यमंत्री ने अपने पूरे परिवार के साथ वोट डाला, कहा मैंने उस पार्टी को वोट दिया जिसने दिल्…","RT : दिल्ली के मुख्यमंत्री ने अपने पूरे परिवार के साथ वोट डाला, कहा मैंने उस पार्टी को वोट दिया जिसने दिल्…",neutral,Low,HASOC-2020-Hindi,real,Real public research sample from HASOC-2020-Hindi.
real_hasoc_2020_hindi_0003,Hindi,mixed,1,"A: RT : आज एक तरफ खुशी है, तो एक तरफ दुख एक तरफ मसूद अजहर को पूरे विश्व के आतंकी के रूप में मान लिया गया । और एक तरफ देश के गढ़…","RT : आज एक तरफ खुशी है, तो एक तरफ दुख एक तरफ मसूद अजहर को पूरे विश्व के आतंकी के रूप में मान लिया गया । और एक तरफ देश के गढ़…",neutral,Low,HASOC-2020-Hindi,real,Real public research sample from HASOC-2020-Hindi.
real_hasoc_2020_hindi_0004,Hindi,native,1,A: जिस कुनबे के लोग :- 12वीं पास डिग्री छुपाने वाली को शिक्षा मंत्री बनाते हों विदेशों का फोटो दिखाकर खुद का विकास बताते हों दूसरों को बदनाम करने के लिए उनपर झूठा आरोप लगते हों उस कुनबे के लोग हार की बौखलाहट मे यदि ऐसा नीच काम करें तो इसमे आश्चर्य की बात नहीं,जिस कुनबे के लोग :- 12वीं पास डिग्री छुपाने वाली को शिक्षा मंत्री बनाते हों विदेशों का फोटो दिखाकर खुद का विकास बताते हों दूसरों को बदनाम करने के लिए उनपर झूठा आरोप लगते हों उस कुनबे के लोग हार की बौखलाहट मे यदि ऐसा नीच काम करें तो इसमे आश्चर्य की बात नहीं,neutral,Low,HASOC-2020-Hindi,real,Real public research sample from HASOC-2020-Hindi.
real_hasoc_2020_hindi_0005,Hindi,native,1,A: देखो भक्त एंकरों की पोस्ट,देखो भक्त एंकरों की पोस्ट,neutral,Low,HASOC-2020-Hindi,real,Real public research sample from HASOC-2020-Hindi.
real_hasoc_2020_hindi_0006,Hindi,mixed,1,A: RT : जब भी मेरे भाई के दोस्त को कुछ करने का मान करता था वो मुझे घर के पीछे ले जाता था ।,RT : जब भी मेरे भाई के दोस्त को कुछ करने का मान करता था वो मुझे घर के पीछे ले जाता था ।,bullying_harassment,Medium,HASOC-2020-Hindi,real,Hostile or offensive public comment identified in HASOC FIRE dataset.
real_hasoc_2020_hindi_0007,Hindi,mixed,1,"A: RT : ➡️IBM 1951 में भारत आयी थी, तब राजीव गांधी 7 वर्ष के थे और अंगूठा चूसते थे, ➡️HCL का गठन 1976 में हुआ था, जब राजीव गांधी…","RT : ➡️IBM 1951 में भारत आयी थी, तब राजीव गांधी 7 वर्ष के थे और अंगूठा चूसते थे, ➡️HCL का गठन 1976 में हुआ था, जब राजीव गांधी…",bullying_harassment,Medium,HASOC-2020-Hindi,real,Hostile or offensive public comment identified in HASOC FIRE dataset.
real_hasoc_2020_hindi_0008,Hindi,mixed,1,A: अब केवल दो चरण बचे हैं अपने दोनों चरणों को मतदान केंद्र तक अवश्य ले जाये l राष्ट्रहित मे मतदान अवश्य करें l,अब केवल दो चरण बचे हैं अपने दोनों चरणों को मतदान केंद्र तक अवश्य ले जाये l राष्ट्रहित मे मतदान अवश्य करें l,neutral,Low,HASOC-2020-Hindi,real,Real public research sample from HASOC-2020-Hindi.
real_hasoc_2020_hindi_0009,Hindi,native,1,"A: 56"" का एक और कमाल","56"" का एक और कमाल",neutral,Low,HASOC-2020-Hindi,real,Real public research sample from HASOC-2020-Hindi.
real_hasoc_2020_hindi_0010,Hindi,mixed,1,"A: RT : आतंकी मसूद अजहर के ग्लोबल आतंकी घोषित होने के बाद पत्रकार ""आशुतोष"" की हालत😂😂😂😂😂😂😂👇👇👇 MasoodAzhar","RT : आतंकी मसूद अजहर के ग्लोबल आतंकी घोषित होने के बाद पत्रकार ""आशुतोष"" की हालत😂😂😂😂😂😂😂👇👇👇 MasoodAzhar",bullying_harassment,Medium,HASOC-2020-Hindi,real,Hostile or offensive public comment identified in HASOC FIRE dataset.
real_hasoc_2020_hindi_0011,Hindi,mixed,1,"A: RT : Allah_Kabir गंगा काठे घर करे,पिवे निर्मल नीर। मुक्ति नहीं हरि नाम बिन,ये कह रहे साहेब कबीर।। कुम्भस्नान पर पहले नहाने…","RT : Allah_Kabir गंगा काठे घर करे,पिवे निर्मल नीर। मुक्ति नहीं हरि नाम बिन,ये कह रहे साहेब कबीर।। कुम्भस्नान पर पहले नहाने…",neutral,Low,HASOC-2020-Hindi,real,Real public research sample from HASOC-2020-Hindi.
real_hasoc_2020_hindi_0012,Hindi,native,1,A: ये टिकट कटने पर पता चला,ये टिकट कटने पर पता चला,neutral,Low,HASOC-2020-Hindi,real,Real public research sample from HASOC-2020-Hindi.
real_hasoc_2020_hindi_0013,Hindi,mixed,1,A: RT : जहाज स्टार्ट ही नहीं हो रहा थां। सब हैरत में थे! फिर मेरे दिमाग में एक आईडिया आयां! मैंने कहा हल्का सा निहुरा करके किक मारो।…,RT : जहाज स्टार्ट ही नहीं हो रहा थां। सब हैरत में थे! फिर मेरे दिमाग में एक आईडिया आयां! मैंने कहा हल्का सा निहुरा करके किक मारो।…,neutral,Low,HASOC-2020-Hindi,real,Real public research sample from HASOC-2020-Hindi.
real_hasoc_2020_hindi_0014,Hindi,native,1,"A: माननीय , इन ओछे लोगों(सिद्धू) के वक्तव्यों पर जरा भी ध्यान न दें इनकी इस शर्मनाक कमेन्ट्री से इन्हीं का स्तर गिर रहा है जनता के सामने ये पहले से ही बेपर्दा हैं","माननीय , इन ओछे लोगों(सिद्धू) के वक्तव्यों पर जरा भी ध्यान न दें इनकी इस शर्मनाक कमेन्ट्री से इन्हीं का स्तर गिर रहा है जनता के सामने ये पहले से ही बेपर्दा हैं",bullying_harassment,Medium,HASOC-2020-Hindi,real,Hostile or offensive public comment identified in HASOC FIRE dataset.
real_hasoc_2020_hindi_0015,Hindi,roman,1,A: Oyyy mene jan bujh k ni kiya sachiii 😥😥😥,Oyyy mene jan bujh k ni kiya sachiii 😥😥😥,neutral,Low,HASOC-2020-Hindi,real,Real public research sample from HASOC-2020-Hindi.
real_hasoc_2020_hindi_0016,Hindi,native,1,A: अब क्या जैसे मिडिया चैनल दलित वर्ग पीड़िताओं को और सामान्य वर्ग पीड़िताओं को अलग-अलग बांटकर न्याय दिलाने जा रही है क्या????,अब क्या जैसे मिडिया चैनल दलित वर्ग पीड़िताओं को और सामान्य वर्ग पीड़िताओं को अलग-अलग बांटकर न्याय दिलाने जा रही है क्या????,bullying_harassment,Medium,HASOC-2020-Hindi,real,Hostile or offensive public comment identified in HASOC FIRE dataset.
real_hasoc_2020_hindi_0017,Hindi,mixed,1,A: RT : ऐ कुदरत सुना है तू ही कहर बरपाता है सुना है तू ही इससे बचाता है इंसानी ताकत हार जाती है जब तेरा सामना होता है लेकिन हर…,RT : ऐ कुदरत सुना है तू ही कहर बरपाता है सुना है तू ही इससे बचाता है इंसानी ताकत हार जाती है जब तेरा सामना होता है लेकिन हर…,neutral,Low,HASOC-2020-Hindi,real,Real public research sample from HASOC-2020-Hindi.
real_hasoc_2020_hindi_0018,Hindi,mixed,1,"A: RT : हम तो उनकी हर ख्वाइश पूरी करने का वादा कर बैठे थे, हमें क्या पता था हमें छोड़ना भी उनकी एक ख्वाइश थी। 💞💞💞 👇👇👇👇👇👇👇 …","RT : हम तो उनकी हर ख्वाइश पूरी करने का वादा कर बैठे थे, हमें क्या पता था हमें छोड़ना भी उनकी एक ख्वाइश थी। 💞💞💞 👇👇👇👇👇👇👇 …",neutral,Low,HASOC-2020-Hindi,real,Real public research sample from HASOC-2020-Hindi.
real_hasoc_2020_hindi_0019,Hindi,native,1,A: ये हराम खोर है वाले सारे खुद तो देश के टुकड़े टुकड़े गैंग में शामिल है,ये हराम खोर है वाले सारे खुद तो देश के टुकड़े टुकड़े गैंग में शामिल है,bullying_harassment,Medium,HASOC-2020-Hindi,real,Hostile or offensive public comment identified in HASOC FIRE dataset.
real_hasoc_2020_hindi_0020,Hindi,mixed,1,A: धोनी को गलत आउट दिया इस आईपीएल में अंपायर मजे ले रहे थे क्या ??? भो.....VIVOIPLFinal,धोनी को गलत आउट दिया इस आईपीएल में अंपायर मजे ले रहे थे क्या ??? भो.....VIVOIPLFinal,neutral,Low,HASOC-2020-Hindi,real,Real public research sample from HASOC-2020-Hindi.
real_hasoc_2020_hindi_0021,Hindi,native,1,A: वो होती ही ऐसी है कि किसी के समझ नहीं आती😂😂,वो होती ही ऐसी है कि किसी के समझ नहीं आती😂😂,neutral,Low,HASOC-2020-Hindi,real,Real public research sample from HASOC-2020-Hindi.
real_hasoc_2020_hindi_0022,Hindi,mixed,1,"A: RT : जब केजरीवाल ममता जी के ऐसे कृत्य देखते है, उनके अंदर दिल्ली को पूर्ण राज्य दिलाने की चाहत ओर उबाल मारने लगती है। वो भी…","RT : जब केजरीवाल ममता जी के ऐसे कृत्य देखते है, उनके अंदर दिल्ली को पूर्ण राज्य दिलाने की चाहत ओर उबाल मारने लगती है। वो भी…",neutral,Low,HASOC-2020-Hindi,real,Real public research sample from HASOC-2020-Hindi.
real_hasoc_2020_hindi_0023,Hindi,mixed,1,A: RT : क्या जिस आदमी ने हिंदुओं को आतंकवादी कहा वह जीतेगा या 'भगवा आतंकवाद' साबित करने के लिए कांग्रेस ने जिस महिला को प्रताड़ित कि…,RT : क्या जिस आदमी ने हिंदुओं को आतंकवादी कहा वह जीतेगा या 'भगवा आतंकवाद' साबित करने के लिए कांग्रेस ने जिस महिला को प्रताड़ित कि…,bullying_harassment,Medium,HASOC-2020-Hindi,real,Hostile or offensive public comment identified in HASOC FIRE dataset.
real_hasoc_2020_hindi_0024,Hindi,mixed,1,"A: RT : हमारी आंगनवाड़ी बहनों, आशा बहनों, ANM बहनों और हमारे डाकियों के वेतन में बरसों बाद वृद्धि का काम भी हमारी ही सरकार ने किया है:…","RT : हमारी आंगनवाड़ी बहनों, आशा बहनों, ANM बहनों और हमारे डाकियों के वेतन में बरसों बाद वृद्धि का काम भी हमारी ही सरकार ने किया है:…",neutral,Low,HASOC-2020-Hindi,real,Real public research sample from HASOC-2020-Hindi.
real_hasoc_2020_hindi_0025,Hindi,roman,1,A: Mango aacha hai,Mango aacha hai,neutral,Low,HASOC-2020-Hindi,real,Real public research sample from HASOC-2020-Hindi.
real_hasoc_2020_hindi_0026,Hindi,mixed,1,"A: RT : अगर विपक्ष ""तेज बहादुर"" के नामांकन पर एक साथ खड़ा होकर विरोध न कर सका तो लानत है ऐसी विपक्ष पर जो खुद लोकतंत्र की हत्या कर…","RT : अगर विपक्ष ""तेज बहादुर"" के नामांकन पर एक साथ खड़ा होकर विरोध न कर सका तो लानत है ऐसी विपक्ष पर जो खुद लोकतंत्र की हत्या कर…",neutral,Low,HASOC-2020-Hindi,real,Real public research sample from HASOC-2020-Hindi.
real_hasoc_2020_hindi_0027,Hindi,mixed,1,A: RT : इसलिए इस्लाम कबूल करो,RT : इसलिए इस्लाम कबूल करो,neutral,Low,HASOC-2020-Hindi,real,Real public research sample from HASOC-2020-Hindi.
real_hasoc_2020_hindi_0028,Hindi,mixed,1,A: RT : गिरिराज सिंहजी ने गलत नहीं बोला है नेहरू से लेकर राहुल तक सब देशद्रोही ही हैं।,RT : गिरिराज सिंहजी ने गलत नहीं बोला है नेहरू से लेकर राहुल तक सब देशद्रोही ही हैं।,bullying_harassment,Medium,HASOC-2020-Hindi,real,Hostile or offensive public comment identified in HASOC FIRE dataset.
real_hasoc_2020_hindi_0029,Hindi,mixed,1,A: RT : कोई ये कानून नेताओ और दलालों पर भी लागू करवा दो। तो जनता अब इंतज़ार किस बात का है...उठाओ कैमरा वाला मोबाइल और वीडियो नि…,RT : कोई ये कानून नेताओ और दलालों पर भी लागू करवा दो। तो जनता अब इंतज़ार किस बात का है...उठाओ कैमरा वाला मोबाइल और वीडियो नि…,neutral,Low,HASOC-2020-Hindi,real,Real public research sample from HASOC-2020-Hindi.
real_hasoc_2020_hindi_0030,Hindi,mixed,1,A: RT : भारत ने UN को आतंकी मसूद अज़हर के पापों की लिस्ट सौंपी,RT : भारत ने UN को आतंकी मसूद अज़हर के पापों की लिस्ट सौंपी,neutral,Low,HASOC-2020-Hindi,real,Real public research sample from HASOC-2020-Hindi.
real_hasoc_2020_hindi_0031,Hindi,mixed,1,A: RT : जरूरी तो नही है कि…,RT : जरूरी तो नही है कि…,neutral,Low,HASOC-2020-Hindi,real,Real public research sample from HASOC-2020-Hindi.
real_hasoc_2020_hindi_0032,Hindi,native,1,A: यह गांधी वाला परिवार तो वही सोच रखा है कि पहले तुम अंग्रेजो को गुलाम था और अब मेरे गुलाम में रहो ऐसा कब तक चलेगा यह जड़ से खत्म होना चाहिए,यह गांधी वाला परिवार तो वही सोच रखा है कि पहले तुम अंग्रेजो को गुलाम था और अब मेरे गुलाम में रहो ऐसा कब तक चलेगा यह जड़ से खत्म होना चाहिए,bullying_harassment,Medium,HASOC-2020-Hindi,real,Hostile or offensive public comment identified in HASOC FIRE dataset.
real_hasoc_2020_hindi_0033,Hindi,mixed,1,"A: RT : मैम एक प्रश्न था.. क्या औरतों ने वोट नहीं डाला, या टैग नहीं किया ? जैसा की बोलती रहती अपनी सेल्फ़ी मुझे टैग करियें…","RT : मैम एक प्रश्न था.. क्या औरतों ने वोट नहीं डाला, या टैग नहीं किया ? जैसा की बोलती रहती अपनी सेल्फ़ी मुझे टैग करियें…",bullying_harassment,Medium,HASOC-2020-Hindi,real,Hostile or offensive public comment identified in HASOC FIRE dataset.
real_hasoc_2020_hindi_0034,Hindi,roman,1,A: Bola to chutiya sirf Sanjay Srivasatava hai!! 🙏,Bola to chutiya sirf Sanjay Srivasatava hai!! 🙏,bullying_harassment,Medium,HASOC-2020-Hindi,real,Hostile or offensive public comment identified in HASOC FIRE dataset.
real_hasoc_2020_hindi_0035,Hindi,mixed,1,A: RT : आतंकवादियों के सीने पर चोट कर के आया हु। हाँ में भी bjp को वोट कर के आया हु ।। IndiaVotesForNaMo 🙏 हरियाणा_वोट_कर लो…,RT : आतंकवादियों के सीने पर चोट कर के आया हु। हाँ में भी bjp को वोट कर के आया हु ।। IndiaVotesForNaMo 🙏 हरियाणा_वोट_कर लो…,neutral,Low,HASOC-2020-Hindi,real,Real public research sample from HASOC-2020-Hindi.
real_hasoc_2020_hindi_0036,Hindi,native,1,"A: 18 - 18 घंटे काम करके भी गधा गधा ही रहता है घोडा नही बन जाता, वोह बोझा ही ढो सकता है, रेस मे नही दौड सकता। नोट: आम बात है इधर-उधर लिंक ना जोडें 🙂","18 - 18 घंटे काम करके भी गधा गधा ही रहता है घोडा नही बन जाता, वोह बोझा ही ढो सकता है, रेस मे नही दौड सकता। नोट: आम बात है इधर-उधर लिंक ना जोडें 🙂",neutral,Low,HASOC-2020-Hindi,real,Real public research sample from HASOC-2020-Hindi.
real_hasoc_2020_hindi_0037,Hindi,mixed,1,"A: RT : दौर-ए-इलेक्शन में कोई हिन्दू, कोई दलित तो कोई मुसलमान नजर आता है बीत जाता है जब इलेक्शन का दौर,तब हर इंसान रोटी के लिए प…","RT : दौर-ए-इलेक्शन में कोई हिन्दू, कोई दलित तो कोई मुसलमान नजर आता है बीत जाता है जब इलेक्शन का दौर,तब हर इंसान रोटी के लिए प…",bullying_harassment,Medium,HASOC-2020-Hindi,real,Hostile or offensive public comment identified in HASOC FIRE dataset.
real_hasoc_2020_hindi_0038,Hindi,mixed,1,A: RT : मैं गमों की धूप में जब तेरा नाम लेके निकला तेरा रहमतों का साया ये करम नहीं तो क्या है ------,RT : मैं गमों की धूप में जब तेरा नाम लेके निकला तेरा रहमतों का साया ये करम नहीं तो क्या है ------,neutral,Low,HASOC-2020-Hindi,real,Real public research sample from HASOC-2020-Hindi.
real_hasoc_2020_hindi_0039,Hindi,mixed,1,"A: RT : सिब्बल, सिंघवी, प्रशांत जहाँ कहीं हों तुरंत श्रीलंका पहुचें bsdk , वहाँ आतंकवादियों को वकील नहीं मिल रहे|","RT : सिब्बल, सिंघवी, प्रशांत जहाँ कहीं हों तुरंत श्रीलंका पहुचें bsdk , वहाँ आतंकवादियों को वकील नहीं मिल रहे|",bullying_harassment,Medium,HASOC-2020-Hindi,real,Hostile or offensive public comment identified in HASOC FIRE dataset.
real_hasoc_2020_hindi_0040,Hindi,native,1,A: मोदी जी कितने कमजोर है ये आपसे अच्छा कौन जान सकता है। जो काँग्रेस के सहयोग से बनी दिल्ली की सत्ता छोड़ के उछल उछल के मोदी जी के खिलाफ चुनाव लड़े और चारो खाने चित्त हो कि वापिस आये।कुछ कसर बाकी थी तो अबकी बार फिर से लड़ लेते जो कुछ सम्मान रह गया है वो भी लुटा जाता अबकी।,मोदी जी कितने कमजोर है ये आपसे अच्छा कौन जान सकता है। जो काँग्रेस के सहयोग से बनी दिल्ली की सत्ता छोड़ के उछल उछल के मोदी जी के खिलाफ चुनाव लड़े और चारो खाने चित्त हो कि वापिस आये।कुछ कसर बाकी थी तो अबकी बार फिर से लड़ लेते जो कुछ सम्मान रह गया है वो भी लुटा जाता अबकी।,bullying_harassment,Medium,HASOC-2020-Hindi,real,Hostile or offensive public comment identified in HASOC FIRE dataset.
real_hasoc_2020_hindi_0041,Hindi,native,1,A: बोलती तस्वीर अमेठी से आयी है ... जी हाँ वही अमेठी जहाँ से राहुल गांधी जी लगातार सांसद है ...! नर्मदे हर,बोलती तस्वीर अमेठी से आयी है ... जी हाँ वही अमेठी जहाँ से राहुल गांधी जी लगातार सांसद है ...! नर्मदे हर,neutral,Low,HASOC-2020-Hindi,real,Real public research sample from HASOC-2020-Hindi.
real_hasoc_2020_hindi_0042,Hindi,mixed,1,"A: RT : अलवर (राजस्थान) में फिर शर्मसार कर देने वाली घटना, अस्पताल के डिलीवरी रूम में महिला के साथ रेप बधाई हो चमच्चाे आप कांग्रे…","RT : अलवर (राजस्थान) में फिर शर्मसार कर देने वाली घटना, अस्पताल के डिलीवरी रूम में महिला के साथ रेप बधाई हो चमच्चाे आप कांग्रे…",bullying_harassment,Medium,HASOC-2020-Hindi,real,Hostile or offensive public comment identified in HASOC FIRE dataset.
real_hasoc_2020_hindi_0043,Hindi,roman,1,A: What is this mann? Nee rombe late lah aiyoo,What is this mann? Nee rombe late lah aiyoo,neutral,Low,HASOC-2020-Hindi,real,Real public research sample from HASOC-2020-Hindi.
real_hasoc_2020_hindi_0044,Hindi,mixed,1,A: RT : और आतंकवाद की तो कमर ही टूट गई,RT : और आतंकवाद की तो कमर ही टूट गई,neutral,Low,HASOC-2020-Hindi,real,Real public research sample from HASOC-2020-Hindi.
real_hasoc_2020_hindi_0045,Hindi,mixed,1,"A: RT : कायर मोदी नहीं, तेरा बाप था प्रियंका। युद्ध के समय विदेश भाग गया था। मोदी तो शेर है, बम धमाकों के बीच भी पटना में खड़ा…","RT : कायर मोदी नहीं, तेरा बाप था प्रियंका। युद्ध के समय विदेश भाग गया था। मोदी तो शेर है, बम धमाकों के बीच भी पटना में खड़ा…",bullying_harassment,Medium,HASOC-2020-Hindi,real,Hostile or offensive public comment identified in HASOC FIRE dataset.
real_hasoc_2020_hindi_0046,Hindi,mixed,1,"A: RT : ValueYourTime Saintंसान की तृष्णा कभी नहीं भरती, यह बढ़ती ही चली जाती है|और जब तक संतुष्टि नहीं आती…","RT : ValueYourTime Saintंसान की तृष्णा कभी नहीं भरती, यह बढ़ती ही चली जाती है|और जब तक संतुष्टि नहीं आती…",neutral,Low,HASOC-2020-Hindi,real,Real public research sample from HASOC-2020-Hindi.
real_hasoc_2020_hindi_0047,Hindi,mixed,1,A: RT : पूरी दुनिया से इस्लाम सिमट रिया और हिंदुस्तान में मोमिन की तादात में लगातार इजाफा हो रिया है फिर भी यहां के काफिर चैन से…,RT : पूरी दुनिया से इस्लाम सिमट रिया और हिंदुस्तान में मोमिन की तादात में लगातार इजाफा हो रिया है फिर भी यहां के काफिर चैन से…,bullying_harassment,Medium,HASOC-2020-Hindi,real,Hostile or offensive public comment identified in HASOC FIRE dataset.
real_hasoc_2020_hindi_0048,Hindi,mixed,1,A: RT : दे कर इक आवाज बुला लूँ उसे अभी... मगर मैं चाहता हूँ वो ढूंढे मुझको यहीं.... 😍,RT : दे कर इक आवाज बुला लूँ उसे अभी... मगर मैं चाहता हूँ वो ढूंढे मुझको यहीं.... 😍,neutral,Low,HASOC-2020-Hindi,real,Real public research sample from HASOC-2020-Hindi.
real_hasoc_2020_hindi_0049,Hindi,native,1,A: बधाई हो मोदी जी ।।जो काम आप एक बार ठान लेते हो उसे करके की मानते हो।। मसूद अजहर अंतरराष्ट्रीय आतंकवादी घोषित।।,बधाई हो मोदी जी ।।जो काम आप एक बार ठान लेते हो उसे करके की मानते हो।। मसूद अजहर अंतरराष्ट्रीय आतंकवादी घोषित।।,neutral,Low,HASOC-2020-Hindi,real,Real public research sample from HASOC-2020-Hindi.
real_hasoc_2020_hindi_0050,Hindi,mixed,1,A: RT : मानसिक और बौद्धिक दिवालियेपन में जी रहे लोग अपनी कुंठाओं को ऐसे ही ढोते हैं,RT : मानसिक और बौद्धिक दिवालियेपन में जी रहे लोग अपनी कुंठाओं को ऐसे ही ढोते हैं,neutral,Low,HASOC-2020-Hindi,real,Real public research sample from HASOC-2020-Hindi.
real_hasoc_2020_hindi_0051,Hindi,mixed,1,"A: RT : O बौना मानव घुँगरू सेठ,पाकिस्तान को ये बात समझ गयी होंगी के अगर और एकबार मोदी जी के खिलाफ गये तो पाकिस्तान ना केहि विश्व…","RT : O बौना मानव घुँगरू सेठ,पाकिस्तान को ये बात समझ गयी होंगी के अगर और एकबार मोदी जी के खिलाफ गये तो पाकिस्तान ना केहि विश्व…",bullying_harassment,Medium,HASOC-2020-Hindi,real,Hostile or offensive public comment identified in HASOC FIRE dataset.
real_hasoc_2020_hindi_0052,Hindi,mixed,1,A: RT : जिस कौम के गुरूओ ने अपने सर कटवा लिऐ....पर इस्लाम कबुल नही किया... उसी कौम का सिदधु मोदी के विरोध मे अल्लाह हुँ अकबर का…,RT : जिस कौम के गुरूओ ने अपने सर कटवा लिऐ....पर इस्लाम कबुल नही किया... उसी कौम का सिदधु मोदी के विरोध मे अल्लाह हुँ अकबर का…,bullying_harassment,Medium,HASOC-2020-Hindi,real,Hostile or offensive public comment identified in HASOC FIRE dataset.
real_hasoc_2020_hindi_0053,Hindi,mixed,1,"A: RT : जीयेंगे एक साथ, मरेंगे एक साथ और टेंपो के पीछे लटकेंगे भी एक साथ😂😂🤣🤣 ठीक_है 🤣","RT : जीयेंगे एक साथ, मरेंगे एक साथ और टेंपो के पीछे लटकेंगे भी एक साथ😂😂🤣🤣 ठीक_है 🤣",neutral,Low,HASOC-2020-Hindi,real,Real public research sample from HASOC-2020-Hindi.
real_hasoc_2020_hindi_0054,Hindi,mixed,1,A: RT : यह केवल जिहादी मानसिकता को ही दर्शाता है।,RT : यह केवल जिहादी मानसिकता को ही दर्शाता है।,bullying_harassment,Medium,HASOC-2020-Hindi,real,Hostile or offensive public comment identified in HASOC FIRE dataset.
real_hasoc_2020_hindi_0055,Hindi,mixed,1,A: RT : ये विडियो है पुराना काश आज स्वर्गीय कांशी राम जी जैसे नेता होते जो इन दल्ले पत्रकारो के सही सबक सिखाते देखे कैसे एक दल्ले…,RT : ये विडियो है पुराना काश आज स्वर्गीय कांशी राम जी जैसे नेता होते जो इन दल्ले पत्रकारो के सही सबक सिखाते देखे कैसे एक दल्ले…,neutral,Low,HASOC-2020-Hindi,real,Real public research sample from HASOC-2020-Hindi.
real_hasoc_2020_hindi_0056,Hindi,native,1,A: क्या आप जानते हैं.. . पाकिस्तान का रडार सिस्टम टाटा स्काई ने बनाया है.. तभी तो वो बादलों में काम नहीं करता। .. ये बात मुझे मोदीजी की वजह से पता चली। मोदी_है_तो_मुमकिन_है,क्या आप जानते हैं.. . पाकिस्तान का रडार सिस्टम टाटा स्काई ने बनाया है.. तभी तो वो बादलों में काम नहीं करता। .. ये बात मुझे मोदीजी की वजह से पता चली। मोदी_है_तो_मुमकिन_है,neutral,Low,HASOC-2020-Hindi,real,Real public research sample from HASOC-2020-Hindi.
real_hasoc_2020_hindi_0057,Hindi,native,1,A: का अबतक कोई ट्वीट नहीं आया जिस दिन चीन ने मसूद को बचाया था उस दिन पाँच मिनट के अन्दर ही मोदी जी की छमता देख रहे थे अब कहा हो पप्पू एक ट्वीट तो करदों भाई मोदी के सपोर्ट में न सही मसूद के सपोर्ट में कर दो,का अबतक कोई ट्वीट नहीं आया जिस दिन चीन ने मसूद को बचाया था उस दिन पाँच मिनट के अन्दर ही मोदी जी की छमता देख रहे थे अब कहा हो पप्पू एक ट्वीट तो करदों भाई मोदी के सपोर्ट में न सही मसूद के सपोर्ट में कर दो,bullying_harassment,Medium,HASOC-2020-Hindi,real,Hostile or offensive public comment identified in HASOC FIRE dataset.
real_hasoc_2020_hindi_0058,Hindi,mixed,1,A: SC को स्वयं की निगरानी में चुनाव करवाना चाहिए ।,SC को स्वयं की निगरानी में चुनाव करवाना चाहिए ।,neutral,Low,HASOC-2020-Hindi,real,Real public research sample from HASOC-2020-Hindi.
real_hasoc_2020_hindi_0059,Hindi,native,1,A: दोस्ती तो आत्माओं का संबंध है। इसमें ही विश्वास है अपना,दोस्ती तो आत्माओं का संबंध है। इसमें ही विश्वास है अपना,neutral,Low,HASOC-2020-Hindi,real,Real public research sample from HASOC-2020-Hindi.
real_hasoc_2020_hindi_0060,Hindi,mixed,1,A: RT : अगर उसने विमान बादलों के पार उड़ाया है तो होशियार... वाक़ाई उसने कोई कलाकारी की है जिसे आपका रडार पकड़ नहीं पाया है...…,RT : अगर उसने विमान बादलों के पार उड़ाया है तो होशियार... वाक़ाई उसने कोई कलाकारी की है जिसे आपका रडार पकड़ नहीं पाया है...…,bullying_harassment,Medium,HASOC-2020-Hindi,real,Hostile or offensive public comment identified in HASOC FIRE dataset.
real_hasoc_2020_hindi_0061,Hindi,native,1,A: मादरचोद सुवर की ओलाद तेरी माँ भी रो रही होगी कहा से पैदा हो गया तो हराम का जना तुम भोसड़ी वाले चौकिदार के काबिल भी नही चूत का ढक्कन कहि का,मादरचोद सुवर की ओलाद तेरी माँ भी रो रही होगी कहा से पैदा हो गया तो हराम का जना तुम भोसड़ी वाले चौकिदार के काबिल भी नही चूत का ढक्कन कहि का,bullying_harassment,Medium,HASOC-2020-Hindi,real,Hostile or offensive public comment identified in HASOC FIRE dataset.
real_hasoc_2020_hindi_0062,Hindi,mixed,1,"A: RT : अबे दलाल ये पूछ लेते कि वो धन आया?? माना लोगों के खाते में नहीं जाने थे, सरकार के खाते में तो आने थे ना चूरन??…","RT : अबे दलाल ये पूछ लेते कि वो धन आया?? माना लोगों के खाते में नहीं जाने थे, सरकार के खाते में तो आने थे ना चूरन??…",bullying_harassment,Medium,HASOC-2020-Hindi,real,Hostile or offensive public comment identified in HASOC FIRE dataset.
real_hasoc_2020_hindi_0063,Hindi,native,1,A: जो विकाऊ होता हे वहीं विकता हे ओर जो विकाऊ नहीं होता उसे दुनिया की कोई ताकत या कीमत नहीं खरीद सकती ओर विकता वही है जिसका जमीर मर जाता है वाकी इन्सान के ऊपर हे के वो कैसा हे जो सही इन्सान होगा वो कभी नहीँ विकेगा,जो विकाऊ होता हे वहीं विकता हे ओर जो विकाऊ नहीं होता उसे दुनिया की कोई ताकत या कीमत नहीं खरीद सकती ओर विकता वही है जिसका जमीर मर जाता है वाकी इन्सान के ऊपर हे के वो कैसा हे जो सही इन्सान होगा वो कभी नहीँ विकेगा,neutral,Low,HASOC-2020-Hindi,real,Real public research sample from HASOC-2020-Hindi.
real_hasoc_2020_hindi_0064,Hindi,mixed,1,A: RT : केजरीवाल के जनता को गुमराह करने के किससे इतने फेमस हो गए है कि वो आजकल यु टयूब में कॉमेडी में भी काम आ रहे है... इन लो…,RT : केजरीवाल के जनता को गुमराह करने के किससे इतने फेमस हो गए है कि वो आजकल यु टयूब में कॉमेडी में भी काम आ रहे है... इन लो…,bullying_harassment,Medium,HASOC-2020-Hindi,real,Hostile or offensive public comment identified in HASOC FIRE dataset.
real_hasoc_2020_hindi_0065,Hindi,mixed,1,"A: भारत में विदेशों की नक़ल कर के compensation देने का जो सिस्टम आया है, इससे महिलायें छुटकारा पा के ऐयाशी करेंगी और कूछ नहीं। माथे पे सिंदूर लगायी महिला को बहुत सम्मान से लोग देखते हैं, और अगर वो ऐयाशी कर रही हो तो कोई भी शक नहीं करेगा उसपे। लेकिन भारतीय पुरुष कंहा जाए।","भारत में विदेशों की नक़ल कर के compensation देने का जो सिस्टम आया है, इससे महिलायें छुटकारा पा के ऐयाशी करेंगी और कूछ नहीं। माथे पे सिंदूर लगायी महिला को बहुत सम्मान से लोग देखते हैं, और अगर वो ऐयाशी कर रही हो तो कोई भी शक नहीं करेगा उसपे। लेकिन भारतीय पुरुष कंहा जाए।",bullying_harassment,Medium,HASOC-2020-Hindi,real,Hostile or offensive public comment identified in HASOC FIRE dataset.
real_hasoc_2020_hindi_0066,Hindi,mixed,1,A: RT : नेहरू से लेकर राजीव तक सब बिना मेहनत के प्रधानमंत्री बने थे !! केवल पप्पू पेजर की ही किस्मत खोटी निकली.....!!😥😥 De…,RT : नेहरू से लेकर राजीव तक सब बिना मेहनत के प्रधानमंत्री बने थे !! केवल पप्पू पेजर की ही किस्मत खोटी निकली.....!!😥😥 De…,bullying_harassment,Medium,HASOC-2020-Hindi,real,Hostile or offensive public comment identified in HASOC FIRE dataset.
real_hasoc_2020_hindi_0067,Hindi,mixed,1,A: RT : चोर कांपे चमचे कांपे कांपे हर गद्दर ।। देश का बच्चा बच्चा बोले मैं भी चोकीदार।।,RT : चोर कांपे चमचे कांपे कांपे हर गद्दर ।। देश का बच्चा बच्चा बोले मैं भी चोकीदार।।,neutral,Low,HASOC-2020-Hindi,real,Real public research sample from HASOC-2020-Hindi.
real_hasoc_2020_hindi_0068,Hindi,mixed,1,"A: RT : पैट्रोल इतना महंगा हैं कि,,,🤔सोच रही हूँ स्कूटी बेचकर, बैलगाड़ी ले लूँ.. . . ओर बैलौं की जगह दो पप्पू और केजरी बांध लूँ! केसा…","RT : पैट्रोल इतना महंगा हैं कि,,,🤔सोच रही हूँ स्कूटी बेचकर, बैलगाड़ी ले लूँ.. . . ओर बैलौं की जगह दो पप्पू और केजरी बांध लूँ! केसा…",bullying_harassment,Medium,HASOC-2020-Hindi,real,Hostile or offensive public comment identified in HASOC FIRE dataset.
real_hasoc_2020_hindi_0069,Hindi,mixed,1,"A: RT : शहीद हेमंत करकरे का अपमान करने वाली साध्वी प्रज्ञा को टिकट देकर भाजपा ने अपने असली चेहरे को बेनकाब कर दिया है, इस वीडियो में देखिए…","RT : शहीद हेमंत करकरे का अपमान करने वाली साध्वी प्रज्ञा को टिकट देकर भाजपा ने अपने असली चेहरे को बेनकाब कर दिया है, इस वीडियो में देखिए…",bullying_harassment,Medium,HASOC-2020-Hindi,real,Hostile or offensive public comment identified in HASOC FIRE dataset.
real_hasoc_2020_hindi_0070,Hindi,mixed,1,A: समझ में नहीं इस BBC News का इतना बड़ा नाम हुआ कैसे ? इससे घटिया पत्रकारिता और कुछ हो नही सकती। हिंदी का या हिंदी प्रेमियों का मजाक बनाते तुम्हें शर्म नही आती😠😠😠,समझ में नहीं इस BBC News का इतना बड़ा नाम हुआ कैसे ? इससे घटिया पत्रकारिता और कुछ हो नही सकती। हिंदी का या हिंदी प्रेमियों का मजाक बनाते तुम्हें शर्म नही आती😠😠😠,bullying_harassment,Medium,HASOC-2020-Hindi,real,Hostile or offensive public comment identified in HASOC FIRE dataset.
real_hasoc_2020_hindi_0071,Hindi,mixed,1,A: RT : जान लेने पे तुले हे दोनो मेरी..इश्क हार नही मानता..दिल बात नही मानता बेहपना मोहबतें -💕💕,RT : जान लेने पे तुले हे दोनो मेरी..इश्क हार नही मानता..दिल बात नही मानता बेहपना मोहबतें -💕💕,neutral,Low,HASOC-2020-Hindi,real,Real public research sample from HASOC-2020-Hindi.
real_hasoc_2020_hindi_0072,Hindi,mixed,1,A: तू भूल गया वो बयान। मेरा डंडा कहाँ रखा है। attack PappuHiChorNikla Pappu,तू भूल गया वो बयान। मेरा डंडा कहाँ रखा है। attack PappuHiChorNikla Pappu,bullying_harassment,Medium,HASOC-2020-Hindi,real,Hostile or offensive public comment identified in HASOC FIRE dataset.
real_hasoc_2020_hindi_0073,Hindi,mixed,1,A: RT : लोकतंत्र के महापर्व में कोई रुकावट आड़े नहीं आती जब ये समझ लिया जाए कि देश व राष्ट्रहित में मतदान कर देशहित की सरकार चुनें…,RT : लोकतंत्र के महापर्व में कोई रुकावट आड़े नहीं आती जब ये समझ लिया जाए कि देश व राष्ट्रहित में मतदान कर देशहित की सरकार चुनें…,neutral,Low,HASOC-2020-Hindi,real,Real public research sample from HASOC-2020-Hindi.
real_hasoc_2020_hindi_0074,Hindi,mixed,1,A: MasoodAzhar कांग्रेस इसको भी मोदी द्वारा आचार संहिता का उलंघन बोलेगी 😂😂😂,MasoodAzhar कांग्रेस इसको भी मोदी द्वारा आचार संहिता का उलंघन बोलेगी 😂😂😂,neutral,Low,HASOC-2020-Hindi,real,Real public research sample from HASOC-2020-Hindi.
real_hasoc_2020_hindi_0075,Hindi,mixed,1,A: RT : 🍂🍃हर हर महादेव🍂🍃 सत्य वचन जब जल गन्दा हो तो उसे हिलाते नहीं बल्कि शान्त छोड़ देते हैं.. जिससे गन्दगी अपने आप नीचे…,RT : 🍂🍃हर हर महादेव🍂🍃 सत्य वचन जब जल गन्दा हो तो उसे हिलाते नहीं बल्कि शान्त छोड़ देते हैं.. जिससे गन्दगी अपने आप नीचे…,neutral,Low,HASOC-2020-Hindi,real,Real public research sample from HASOC-2020-Hindi.
real_hasoc_2020_hindi_0076,Hindi,native,1,A: कितने करोड़ रुपए दिये थे राज्य सभा के टिकट के लिए सुवर केजरीवाल को 83 हजार की एक दिन मे दारु पीता है,कितने करोड़ रुपए दिये थे राज्य सभा के टिकट के लिए सुवर केजरीवाल को 83 हजार की एक दिन मे दारु पीता है,bullying_harassment,Medium,HASOC-2020-Hindi,real,Hostile or offensive public comment identified in HASOC FIRE dataset.
real_hasoc_2020_hindi_0077,Hindi,mixed,1,A: RT : द वायर को चार साल हो गए। गर्त में जाती पत्रकारिता की बचीखुची उम्मीद का नाम है यह संस्थान। इन बरसों में अनेक संकट सहे हैं…,RT : द वायर को चार साल हो गए। गर्त में जाती पत्रकारिता की बचीखुची उम्मीद का नाम है यह संस्थान। इन बरसों में अनेक संकट सहे हैं…,bullying_harassment,Medium,HASOC-2020-Hindi,real,Hostile or offensive public comment identified in HASOC FIRE dataset.
real_hasoc_2020_hindi_0078,Hindi,mixed,1,A: RT : ChowkidarMeinZorHai वेद_मेरा_भेद_है कबीर परमात्मा कवियों की भूमिका करके अपना तत्वज्ञान प्रदान करता है। उसकी प्रभुता…,RT : ChowkidarMeinZorHai वेद_मेरा_भेद_है कबीर परमात्मा कवियों की भूमिका करके अपना तत्वज्ञान प्रदान करता है। उसकी प्रभुता…,neutral,Low,HASOC-2020-Hindi,real,Real public research sample from HASOC-2020-Hindi.
real_hasoc_2020_hindi_0079,Hindi,mixed,1,A: RT : BREAKING आतंकी MasoodAzhar को संयुक्त राष्ट्र ने अंतरराष्ट्रीय आतंकी घोषित कर दिया है,RT : BREAKING आतंकी MasoodAzhar को संयुक्त राष्ट्र ने अंतरराष्ट्रीय आतंकी घोषित कर दिया है,neutral,Low,HASOC-2020-Hindi,real,Real public research sample from HASOC-2020-Hindi.
real_hasoc_2020_hindi_0080,Hindi,mixed,1,A: RT : BJP_भगाओ_देश_बचाओ स्वामी स्वरूपानंद महाराज जी स्वयं कह रहे हैं बीजेपी और आरएसएस से देश को ही नहीं हिंदुत्व को भी खत…,RT : BJP_भगाओ_देश_बचाओ स्वामी स्वरूपानंद महाराज जी स्वयं कह रहे हैं बीजेपी और आरएसएस से देश को ही नहीं हिंदुत्व को भी खत…,bullying_harassment,Medium,HASOC-2020-Hindi,real,Hostile or offensive public comment identified in HASOC FIRE dataset.
real_hasoc_2020_hindi_0081,Hindi,mixed,1,A: RT : मोदी का चमचा जीन्यूज के इस दल्ले पत्रकार की बोलती बंद कर दी अखिलेश यादव ने via,RT : मोदी का चमचा जीन्यूज के इस दल्ले पत्रकार की बोलती बंद कर दी अखिलेश यादव ने via,bullying_harassment,Medium,HASOC-2020-Hindi,real,Hostile or offensive public comment identified in HASOC FIRE dataset.
real_hasoc_2020_hindi_0082,Hindi,native,1,"A: सजा तो ग्रहमंत्री को होनी चाहिए! कितने निकम्मे नाकाम लोग है!न सँभाल पा रहे हैं और न इस्तीफा दे रहे है! सत्ता के लालची!दूसरे पर शासन करने के भूखे! भष्ट्राचारी मूर्ख! ओशो महागीता के-91-प्रवचन है,सुने! होश!","सजा तो ग्रहमंत्री को होनी चाहिए! कितने निकम्मे नाकाम लोग है!न सँभाल पा रहे हैं और न इस्तीफा दे रहे है! सत्ता के लालची!दूसरे पर शासन करने के भूखे! भष्ट्राचारी मूर्ख! ओशो महागीता के-91-प्रवचन है,सुने! होश!",bullying_harassment,Medium,HASOC-2020-Hindi,real,Hostile or offensive public comment identified in HASOC FIRE dataset.
real_hasoc_2020_hindi_0083,Hindi,mixed,1,A: RT : और नवजोत सिंह सिधु एक ऐसा भारतीय नागरिक है जो खाता हिंदुस्तान का पर गाता पाकिस्तान का है सामने आते हार से बौखला कर…,RT : और नवजोत सिंह सिधु एक ऐसा भारतीय नागरिक है जो खाता हिंदुस्तान का पर गाता पाकिस्तान का है सामने आते हार से बौखला कर…,bullying_harassment,Medium,HASOC-2020-Hindi,real,Hostile or offensive public comment identified in HASOC FIRE dataset.
real_hasoc_2020_hindi_0084,Hindi,mixed,1,A: RT : दिल्ली के भाइयों एवम बहनों वोट देने से पहले अंतरराष्ट्रीय मुख्यमंत्री गिरगिटाधिराज महामहिम केजरी( )के इस दि…,RT : दिल्ली के भाइयों एवम बहनों वोट देने से पहले अंतरराष्ट्रीय मुख्यमंत्री गिरगिटाधिराज महामहिम केजरी( )के इस दि…,bullying_harassment,Medium,HASOC-2020-Hindi,real,Hostile or offensive public comment identified in HASOC FIRE dataset.
real_hasoc_2020_hindi_0085,Hindi,native,1,A: कल से इनकी शाहदत पर भी वोट मांगना चालू हो जायेगा.,कल से इनकी शाहदत पर भी वोट मांगना चालू हो जायेगा.,bullying_harassment,Medium,HASOC-2020-Hindi,real,Hostile or offensive public comment identified in HASOC FIRE dataset.
real_hasoc_2020_hindi_0086,Hindi,native,1,A: ऐसा सवाल करने वाले को देशद्रोही माना जायेगा😂😂😂,ऐसा सवाल करने वाले को देशद्रोही माना जायेगा😂😂😂,bullying_harassment,Medium,HASOC-2020-Hindi,real,Hostile or offensive public comment identified in HASOC FIRE dataset.
real_hasoc_2020_hindi_0087,Hindi,native,1,"A: भगवान ज्यादा नही बस दस साल और मोदीजी को देश का चौकीदार बनाये रखें,बचे खुचे कांग्रेसी फाँसी ना लगाएं तो कहना।। 😆😁😂","भगवान ज्यादा नही बस दस साल और मोदीजी को देश का चौकीदार बनाये रखें,बचे खुचे कांग्रेसी फाँसी ना लगाएं तो कहना।। 😆😁😂",bullying_harassment,Medium,HASOC-2020-Hindi,real,Hostile or offensive public comment identified in HASOC FIRE dataset.
real_hasoc_2020_hindi_0088,Hindi,mixed,1,A: RT : जो पागलपन की हद से न गुजरे वो मोदी भक्त कैसा😂😂😂😂,RT : जो पागलपन की हद से न गुजरे वो मोदी भक्त कैसा😂😂😂😂,bullying_harassment,Medium,HASOC-2020-Hindi,real,Hostile or offensive public comment identified in HASOC FIRE dataset.
real_hasoc_2020_hindi_0089,Hindi,mixed,1,"A: RT : अलवर में दलित महिला के साथ उसके पति के सामने सामूहिक दुष्कर्म किया, उसकी फिल्म बनाई और वायरल कर दी। पुलिस हाथ पर हाथ धरे बै…","RT : अलवर में दलित महिला के साथ उसके पति के सामने सामूहिक दुष्कर्म किया, उसकी फिल्म बनाई और वायरल कर दी। पुलिस हाथ पर हाथ धरे बै…",bullying_harassment,Medium,HASOC-2020-Hindi,real,Hostile or offensive public comment identified in HASOC FIRE dataset.
real_hasoc_2020_hindi_0090,Hindi,native,1,A: मौकापरस्त मतलबी इंसान,मौकापरस्त मतलबी इंसान,bullying_harassment,Medium,HASOC-2020-Hindi,real,Hostile or offensive public comment identified in HASOC FIRE dataset.
real_bullyexplain_hinglish_0091,Hinglish,mixed,1,A: islamic kuttiya ur pimps killed an 85 yrs old mahila and raped a 24 yrs old mahila. u will find the same fate gutter dirt.,islamic kuttiya ur pimps killed an 85 yrs old mahila and raped a 24 yrs old mahila. u will find the same fate gutter dirt.,bullying_harassment,Medium,BullyExplain-Hinglish,real,{islamic {kuttiya ur pimps {killed an 85 yrs old mahila and {raped a 24 yrs old mahilau will find the same fate {gutter {dirt
real_bullyexplain_hinglish_0092,Hinglish,mixed,1,A: Jadd Bengal ch dastaar lah k kuttiya si udo thode legal rights aa gaye si samay sab da ek jeha nai rehnda hunkaar jutti de thalle aa Jana jaldi hi Besharam kise tha de,Jadd Bengal ch dastaar lah k kuttiya si udo thode legal rights aa gaye si samay sab da ek jeha nai rehnda hunkaar jutti de thalle aa Jana jaldi hi Besharam kise tha de,bullying_harassment,Medium,BullyExplain-Hinglish,real,Jadd Bengal ch dastaar lah k {kuttiya si udo thode legal rights aa gaye si samay sab da ek jeha nai rehnda hunkaar {jutti de thalle aa Jana jaldi hi {Besharam kise tha de
real_bullyexplain_hinglish_0093,Hinglish,mixed,1,A: Yaa u do fake shame no one cares we cant acxept more Kuttiya pela ewaale aur 10 bacche paida krne waale U hv 57 countries send there Waise to bada OIC me complaint kr rahe the ab lee b bolo Waise b ur religion is terrorism 🤔🤔🤔🙄🙄,Yaa u do fake shame no one cares we cant acxept more Kuttiya pela ewaale aur 10 bacche paida krne waale U hv 57 countries send there Waise to bada OIC me complaint kr rahe the ab lee b bolo Waise b ur religion is terrorism 🤔🤔🤔🙄🙄,bullying_harassment,Medium,BullyExplain-Hinglish,real,Yaa u do {fake {shame no one cares we cant acxept more {Kuttiya pela ewaale aur 10 bacche paida krne waaleU hv 57 countries send there Waise to bada OIC me {complaint kr rahe the ab lee b boloWaise b ur {religion is {terrorism
real_bullyexplain_hinglish_0094,Hinglish,mixed,1,"A: Rubina supporter talking about voice, so funny. Woh kuttiya ka awaaz itna ganda hai chi chi","Rubina supporter talking about voice, so funny. Woh kuttiya ka awaaz itna ganda hai chi chi",bullying_harassment,Medium,BullyExplain-Hinglish,real,Rubina supporter talking about voice so funny Woh {kuttiya ka awaaz itna {ganda hai {chi {chi
real_bullyexplain_hinglish_0095,Hinglish,mixed,1,A: Kuttiya k balatkar k paidais ko encounter karo sale hi duo ko gali deta hai,Kuttiya k balatkar k paidais ko encounter karo sale hi duo ko gali deta hai,bullying_harassment,Medium,BullyExplain-Hinglish,real,{Kuttiya k {balatkar k {paidais ko {encounter karo {sale hi duo ko {gali deta hai
real_bullyexplain_hinglish_0096,Hinglish,mixed,1,A: Srm kro namard hinduo jo ab bhi is Mamta kuttiya ko vote dene ki soch rahe hi,Srm kro namard hinduo jo ab bhi is Mamta kuttiya ko vote dene ki soch rahe hi,bullying_harassment,Medium,BullyExplain-Hinglish,real,{Srm kro {namard {hinduo jo ab bhi is {Mamta {kuttiya ko vote dene ki soch rahe hi
real_bullyexplain_hinglish_0097,Hinglish,mixed,1,A: 's mother got f*cked by her daughters boyfriends. &amp; yeah 1 more thing..Malini used to get f*cked by her brothers everday. pseudo feminst kuttiya abb tujhe kaise laga? Maine upar ki fan ki tweet copy paste ki hai(only changes in name),'s mother got f*cked by her daughters boyfriends. &amp; yeah 1 more thing..Malini used to get f*cked by her brothers everday. pseudo feminst kuttiya abb tujhe kaise laga? Maine upar ki fan ki tweet copy paste ki hai(only changes in name),bullying_harassment,Medium,BullyExplain-Hinglish,real,s mother got {f*cked by {her daughters {boyfriends &amp; yeah 1 more thingMalini used to get {f*cked by her {brothers everday {pseudo {feminst {kuttiya abb tujhe kaise laga? Maine upar ki fan ki tweet copy paste ki hai(only changes in name)
real_bullyexplain_hinglish_0098,Hinglish,mixed,1,A: Sanskari kuttiya hoti hi etna bhukhi h,Sanskari kuttiya hoti hi etna bhukhi h,neutral,Low,BullyExplain-Hinglish,real,Real public research sample from BullyExplain-Hinglish.
real_bullyexplain_hinglish_0099,Hinglish,mixed,1,"A: Tera maa ne nahi karna band , nale Sikh la kutte kanjar tu Punjabi hun , tuhanu punjab waliya ne hi sidhe karna hai, eda tuhanu kuttiya nu akal nahi aani","Tera maa ne nahi karna band , nale Sikh la kutte kanjar tu Punjabi hun , tuhanu punjab waliya ne hi sidhe karna hai, eda tuhanu kuttiya nu akal nahi aani",bullying_harassment,Medium,BullyExplain-Hinglish,real,Tera maa ne nahi {karna {band nale Sikh la {kutte {kanjar tu Punjabi hun tuhanu punjab waliya ne hi {sidhe karna hai eda tuhanu {kuttiya nu {akal {nahi {aani
real_bullyexplain_hinglish_0100,Hinglish,mixed,1,A: Tum to mossy desriable qomn hain kuttiya ..tumhe to milte hi rahnge,Tum to mossy desriable qomn hain kuttiya ..tumhe to milte hi rahnge,bullying_harassment,Medium,BullyExplain-Hinglish,real,Tum to mossy desriable qomn hain {kuttiya {tumhe to milte hi rahnge
real_bullyexplain_hinglish_0101,Hinglish,mixed,1,A: Tumlog ka dusra planet hoga.. Kyuki normal people on earth ko jasly Jasmin siddhart sab pta hota h.. Par kutton ko heera thori dikhta h apni kuttiya hi dikhti h n bas,Tumlog ka dusra planet hoga.. Kyuki normal people on earth ko jasly Jasmin siddhart sab pta hota h.. Par kutton ko heera thori dikhta h apni kuttiya hi dikhti h n bas,bullying_harassment,Medium,BullyExplain-Hinglish,real,Tumlog ka dusra planet hoga Kyuki normal people on earth ko jasly Jasmin siddhart sab pta hota h Par {kutton ko heera thori dikhta h {apni {kuttiya hi dikhti h n bas
real_bullyexplain_hinglish_0102,Hinglish,mixed,1,"A: If my mulk is kutta, then your mulk is kuttiya... 😁","If my mulk is kutta, then your mulk is kuttiya... 😁",bullying_harassment,Medium,BullyExplain-Hinglish,real,If my {mulk is {kutta then your {mulk is {kuttiya
real_bullyexplain_hinglish_0103,Hinglish,mixed,1,"A: He is leader of our farmer protest, tu soch smj ke boll kuttiya","He is leader of our farmer protest, tu soch smj ke boll kuttiya",bullying_harassment,Medium,BullyExplain-Hinglish,real,He is leader of our farmer {protest tu soch smj ke {boll {kuttiya
real_bullyexplain_hinglish_0104,Hinglish,mixed,1,"A: Hm your parents be like ""ek kuttiya toh paal hi rahe hai""","Hm your parents be like ""ek kuttiya toh paal hi rahe hai""",bullying_harassment,Medium,BullyExplain-Hinglish,real,"Hm your parents be like ""ek {kuttiya toh {paal hi rahe hai"" friends relat"
real_bullyexplain_hinglish_0105,Hinglish,mixed,1,A: Kuttiya tu to bjp sarkar ke 5 sal ke shasan ke bad bhi galtiya congress ki hi nikal ti hai kahi tum ko lagta nahi hai na tumahra peda hone me bhi congress ka hath ho yecha,Kuttiya tu to bjp sarkar ke 5 sal ke shasan ke bad bhi galtiya congress ki hi nikal ti hai kahi tum ko lagta nahi hai na tumahra peda hone me bhi congress ka hath ho yecha,bullying_harassment,Medium,BullyExplain-Hinglish,real,{Kuttiya tu to {bjp sarkar ke 5 sal ke shasan ke {bad {bhi {galtiya {congress ki hi nikal ti hai kahi tum ko lagta nahi hai na {tumahra {peda hone me bhi {congress ka {hath {ho yecha
real_bullyexplain_hinglish_0106,Hinglish,mixed,1,"A: Apne hi desh vich asi dar dar ke nahi rehna tuhade kuttiya toh , khalsa khalishtani hai ta asi khalishtani hai gye han , rok to tuc Sanu challenge hai protest jit ke java gye ghar wapis, asi har gye ta Punjabi kihne kehna Sanu, tikat Saab leader sade,","Apne hi desh vich asi dar dar ke nahi rehna tuhade kuttiya toh , khalsa khalishtani hai ta asi khalishtani hai gye han , rok to tuc Sanu challenge hai protest jit ke java gye ghar wapis, asi har gye ta Punjabi kihne kehna Sanu, tikat Saab leader sade,",bullying_harassment,Medium,BullyExplain-Hinglish,real,Apne hi desh vich asi dar dar ke {nahi {rehna tuhade {kuttiya toh khalsa khalishtani hai ta asi khalishtani hai gye han rok to tuc Sanu challenge hai {protest jit ke java gye ghar wapis asi {har {gye ta {Punjabi kihne kehna Sanu tikat Saab leader sade
real_bullyexplain_hinglish_0107,Hinglish,mixed,1,"A: Rubina ki folder aur cheli ban gayi tu .. Haq thooo pehle kya thi sherni jaisi fan they ab kuttiya ban gayi tu Rubina ki jab se wapis aayi ., you shouldn’t have comeback to bigg boss second time at least ijjat Bach jati ..","Rubina ki folder aur cheli ban gayi tu .. Haq thooo pehle kya thi sherni jaisi fan they ab kuttiya ban gayi tu Rubina ki jab se wapis aayi ., you shouldn’t have comeback to bigg boss second time at least ijjat Bach jati ..",bullying_harassment,Medium,BullyExplain-Hinglish,real,Rubina ki folder aur {cheli {ban {gayi tu Haq thooo pehle kya thi sherni jaisi fan they {ab {kuttiya {ban {gayi tu Rubina ki jab se wapis aayi you shouldn’t have comeback to {bigg {boss {second {time at least {ijjat {Bach {jati
real_bullyexplain_hinglish_0108,Hinglish,mixed,1,"A: Isko hipe kon de rha hai pta nhi but surely i m super angry with punjab government who could have moulded the laws and then implemented them in the State to help its people. But after all its a dirty game "" Politics"". Akhir kaar fasenge to log hi iske jaal mei. Aah kuttiya srkara","Isko hipe kon de rha hai pta nhi but surely i m super angry with punjab government who could have moulded the laws and then implemented them in the State to help its people. But after all its a dirty game "" Politics"". Akhir kaar fasenge to log hi iske jaal mei. Aah kuttiya srkara",bullying_harassment,Medium,BullyExplain-Hinglish,real,"Isko hipe kon de rha hai pta nhi but surely i m {super {angry with {punjab {government who could have {moulded the {laws and then implemented them in the State to help its people But after all its a {dirty {game "" {Politics"" Akhir kaar {fasenge to log hi iske {jaal {mei Aah {kuttiya {srkara"
real_bullyexplain_hinglish_0109,Hinglish,mixed,1,A: 📷 slickslammer666: boiberrylover: nzboyinmelbs: bimann6969: kevin357sstuff: nakednixxie1: tvtamie4u: randi-swallower: mypanictime: dukahana: bbwinneed: 👍🏼 Yessss more than ok I love them Show me your dick and I’ll show you a horny gurl that...,📷 slickslammer666: boiberrylover: nzboyinmelbs: bimann6969: kevin357sstuff: nakednixxie1: tvtamie4u: randi-swallower: mypanictime: dukahana: bbwinneed: 👍🏼 Yessss more than ok I love them Show me your dick and I’ll show you a horny gurl that...,bullying_harassment,Medium,BullyExplain-Hinglish,real,slickslammer666 boiberrylover nzboyinmelbs bimann6969 kevin357sstuff nakednixxie1 tvtamie4u {randi-{swallower mypanictime dukahana bbwinneed Yessss more than ok I love them Show me your {dick and I’ll show you a {horny {gurl that
real_bullyexplain_hinglish_0110,Hinglish,mixed,1,A: Mumbai ko banane wale non marathis 🤣🤣 Tumhari aukkat kya chhodi non marathis ne m MUMBAI me... Jhaanth baraabar .. Tumhara CM ambani aur amitabh jaiso ko invite karta hai... Mumbai ki shaan... Non marathis hi hai.. Tu kitna v randi rona ro le fact is fact🤣🤣🤣🤣,Mumbai ko banane wale non marathis 🤣🤣 Tumhari aukkat kya chhodi non marathis ne m MUMBAI me... Jhaanth baraabar .. Tumhara CM ambani aur amitabh jaiso ko invite karta hai... Mumbai ki shaan... Non marathis hi hai.. Tu kitna v randi rona ro le fact is fact🤣🤣🤣🤣,bullying_harassment,Medium,BullyExplain-Hinglish,real,Mumbai ko banane wale {non {marathisTumhari {aukkat kya chhodi {non {marathis ne {mMUMBAI me {Jhaanth {baraabar Tumhara {CM {ambani aur {amitabh jaiso ko invite karta hai {Mumbai ki {shaan {Non {marathis hi hai Tu kitna v {randi {rona ro le fact is fact
real_bullyexplain_hinglish_0111,Hinglish,mixed,1,A: So good I had to share! Check out all the items I'm loving on poshmark fashion style shopmycloset michaelkors arizonajeancompany charterclub:,So good I had to share! Check out all the items I'm loving on poshmark fashion style shopmycloset michaelkors arizonajeancompany charterclub:,neutral,Low,BullyExplain-Hinglish,real,Real public research sample from BullyExplain-Hinglish.
real_bullyexplain_hinglish_0112,Hinglish,mixed,1,"A: FiveYearsofArré: We've turned five, so here's a throwback to some of our best essays and videos. I grew up amid the sounds of thumris and whiskey in the kothas. My earliest memory is of my mother fighting a drunken man, who was calling her a “randi”.","FiveYearsofArré: We've turned five, so here's a throwback to some of our best essays and videos. I grew up amid the sounds of thumris and whiskey in the kothas. My earliest memory is of my mother fighting a drunken man, who was calling her a “randi”.",bullying_harassment,Medium,BullyExplain-Hinglish,real,FiveYearsofArré We've turned five so here's a throwback to some of our best essays and videosI grew up amid the sounds of {thumris and {whiskey in the kothas My earliest memory is of my {mother {fighting a {drunken {man who was {calling {her a {“randi”
real_bullyexplain_hinglish_0113,Hinglish,mixed,1,A: Faltu issues pr hi randi rona kro,Faltu issues pr hi randi rona kro,bullying_harassment,Medium,BullyExplain-Hinglish,real,{Faltu {issues pr hi {randi {rona kro
real_bullyexplain_hinglish_0114,Hinglish,mixed,1,"A: ""With you. I'm happy with you.."" :)","""With you. I'm happy with you.."" :)",neutral,Low,BullyExplain-Hinglish,real,Real public research sample from BullyExplain-Hinglish.
real_bullyexplain_hinglish_0115,Hinglish,mixed,1,A: I didn’t have any side effects aside from sore arm but my daughter (she’s 26 and had corona last year) had her first dose 2 days ago and she’s been running a fever with flu like symptoms she’s feeling a bit better so hopefully it’s just 2/3 days,I didn’t have any side effects aside from sore arm but my daughter (she’s 26 and had corona last year) had her first dose 2 days ago and she’s been running a fever with flu like symptoms she’s feeling a bit better so hopefully it’s just 2/3 days,neutral,Low,BullyExplain-Hinglish,real,Real public research sample from BullyExplain-Hinglish.
real_bullyexplain_hinglish_0116,Hinglish,mixed,1,A: Tmkc randi idiot df lodu. Not Maguire's fault stones is a fucking dumb fuck who doesn't realise where his teammates are and is so used to his fucking system that he does shit blindly.,Tmkc randi idiot df lodu. Not Maguire's fault stones is a fucking dumb fuck who doesn't realise where his teammates are and is so used to his fucking system that he does shit blindly.,bullying_harassment,Medium,BullyExplain-Hinglish,real,Tmkc {randi {idiot df {lodu Not Maguire's {fault stones is a {fucking {dumb {fuck who doesn't realise where his teammates are and is so used to his {fucking {system that he does {shit {blindly
real_bullyexplain_hinglish_0117,Hinglish,mixed,1,"A: ""I miss you, because I love you.."" ♥","""I miss you, because I love you.."" ♥",neutral,Low,BullyExplain-Hinglish,real,Real public research sample from BullyExplain-Hinglish.
real_bullyexplain_hinglish_0118,Hinglish,mixed,1,"A: Once upon a time, Nora the obsessed transtrender set out for adventure. An old creep brat told Nora a story. 'Listen well' she said to Nora, 'to this aroused by Randi saga. ' Once upon a time, Nora the drugged out drug addict left her home. Nora went home.'","Once upon a time, Nora the obsessed transtrender set out for adventure. An old creep brat told Nora a story. 'Listen well' she said to Nora, 'to this aroused by Randi saga. ' Once upon a time, Nora the drugged out drug addict left her home. Nora went home.'",bullying_harassment,Medium,BullyExplain-Hinglish,real,Once upon a time {Nora the {obsessed {transtrender set out for adventure An old {creep {brat told Nora a story 'Listen well' she said to Nora 'to this {aroused by {Randi {saga ' Once upon a time Nora the {drugged out {drug {addict left her home Nora went home'
real_bullyexplain_hinglish_0119,Hinglish,mixed,1,"A: The Amazing Randi was one of the greatest performers of his time. As well, he virtually debunked every mainstream charlatan. I am an extremely huge fan of his work outing Uri Gellar and Peter Popov as frauds.","The Amazing Randi was one of the greatest performers of his time. As well, he virtually debunked every mainstream charlatan. I am an extremely huge fan of his work outing Uri Gellar and Peter Popov as frauds.",bullying_harassment,Medium,BullyExplain-Hinglish,real,The Amazing {Randi was one of the greatest performers of his time As well he {virtually {debunked every mainstream charlatan I am an extremely huge fan of his work {outing {Uri {Gellar and {Peter {Popov as {frauds
real_bullyexplain_hinglish_0120,Hinglish,mixed,1,A: Aur koi pm ko haaq nai hai company band karane ka. Ager company kuch galat kaam karu hai yah loss ma chakri hai tabhi aap jaise logo ki job jati hai. Aur bas karo ya pe randi-dhona . Pm modi k waja se gaya job. Ager itna hi gussa ara hai toh . Aur khud k uper vishwas hai toh khud,Aur koi pm ko haaq nai hai company band karane ka. Ager company kuch galat kaam karu hai yah loss ma chakri hai tabhi aap jaise logo ki job jati hai. Aur bas karo ya pe randi-dhona . Pm modi k waja se gaya job. Ager itna hi gussa ara hai toh . Aur khud k uper vishwas hai toh khud,bullying_harassment,Medium,BullyExplain-Hinglish,real,Aur koi {pm ko {haaq {nai hai {company {band karane ka Ager company kuch {galat {kaam karu hai yah loss ma chakri hai tabhi aap jaise logo ki job jati hai Aur bas {karo ya pe {randi-{dhona {Pm {modi k {waja se gaya {job Ager itna hi {gussa ara hai toh Aur khud k uper vishwas hai toh khud
real_bullyexplain_hinglish_0121,Hinglish,mixed,1,"A: 50 Shades of Randi Do you know how long it's been since I last posted a photo of this wonderful singer and songwriter? Me either. Time to do another, dontcha think? 2instagoodportraitlove alienbees beautiful beautifulpeople beauty Capture4Cubes …","50 Shades of Randi Do you know how long it's been since I last posted a photo of this wonderful singer and songwriter? Me either. Time to do another, dontcha think? 2instagoodportraitlove alienbees beautiful beautifulpeople beauty Capture4Cubes …",bullying_harassment,Medium,BullyExplain-Hinglish,real,50 Shades of {RandiDo you know how long it's been since I last posted a photo of this wonderful singer and songwriter? Me either {Time {to {do {another dontcha think?2instagoodportraitlove alienbees beautiful beautifulpeople beauty Capture4Cubes …
real_bullyexplain_hinglish_0122,Hinglish,mixed,1,"A: 1st dose of Moderna: sore arm 2nd dose: flu-like symptoms (nausea, chills, headache, fatigue) for 4-5 hours the day after the vaccination","1st dose of Moderna: sore arm 2nd dose: flu-like symptoms (nausea, chills, headache, fatigue) for 4-5 hours the day after the vaccination",neutral,Low,BullyExplain-Hinglish,real,Real public research sample from BullyExplain-Hinglish.
real_bullyexplain_hinglish_0123,Hinglish,mixed,1,A: Andharu randi marriage ke 🕺🕺 All are invited,Andharu randi marriage ke 🕺🕺 All are invited,bullying_harassment,Medium,BullyExplain-Hinglish,real,{Andharu {randi {marriage ke All are invited
real_bullyexplain_hinglish_0124,Hinglish,mixed,1,"A: And if you were in front of me I swear by the name of Profit Mohmud 🐷, mai tumhari Maa chod deta...Randi ke aulad..You first abused our religion and now When i did the same you are feeling bad? Saale Gutter chaap Pakistani Mulle..I piss in the mouth of people like you.","And if you were in front of me I swear by the name of Profit Mohmud 🐷, mai tumhari Maa chod deta...Randi ke aulad..You first abused our religion and now When i did the same you are feeling bad? Saale Gutter chaap Pakistani Mulle..I piss in the mouth of people like you.",bullying_harassment,Medium,BullyExplain-Hinglish,real,And if you were in front of me {I {swear by the name of {Profit {Mohmud mai tumhari {Maa {chod {deta{Randi {ke {auladYou first {abused {our {religion and now When i did the same you are {feeling {bad? {Saale {Gutter {chaap {Pakistani {MulleI {piss in the mouth of people like you
real_bullyexplain_hinglish_0125,Hinglish,mixed,1,A: Teri okat hi nhi h bhagwa rang lgane Ki.... PR hara rang barabar thali me dikh rha h......randi ki beti,Teri okat hi nhi h bhagwa rang lgane Ki.... PR hara rang barabar thali me dikh rha h......randi ki beti,bullying_harassment,Medium,BullyExplain-Hinglish,real,{Teri {okat hi nhi h {bhagwa {rang lgane KiPR {hara {rang barabar thali me dikh rha h{randi {ki {beti
real_bullyexplain_hinglish_0126,Hinglish,mixed,1,A: Bnda tot k jur gya lkn is larki k randi rony abhi b wese hi han 😂,Bnda tot k jur gya lkn is larki k randi rony abhi b wese hi han 😂,bullying_harassment,Medium,BullyExplain-Hinglish,real,Bnda {tot k {jur {gya lkn is {larki k {randi {rony abhi b {wese {hi {han
real_bullyexplain_hinglish_0127,Hinglish,mixed,1,A: They are just fans of chutya dhonya or randi Sharma😓😓,They are just fans of chutya dhonya or randi Sharma😓😓,bullying_harassment,Medium,BullyExplain-Hinglish,real,They are just fans of {chutya {dhonya or {randi {Sharma
real_bullyexplain_hinglish_0128,Hinglish,mixed,1,A: I'm not here to impress someone but express myself 🤟❣️...so mere aage randi rona mt roya kro or na hi ulte fulte comment kr k dimag khrb kia kro .ab m tumhare hisab se post thodi krungi....,I'm not here to impress someone but express myself 🤟❣️...so mere aage randi rona mt roya kro or na hi ulte fulte comment kr k dimag khrb kia kro .ab m tumhare hisab se post thodi krungi....,bullying_harassment,Medium,BullyExplain-Hinglish,real,I'm not here to impress someone but express myself ❣️so {mere {aage {randi {rona mt {roya {kro or na hi {ulte {fulte {comment kr k {dimag {khrb kia kroab m tumhare hisab se post thodi krungi
real_bullyexplain_hinglish_0129,Hinglish,mixed,1,A: 😂 You’re quoting from your loss as an insult to someone else. And then acting (sounding) like a 4 year old in your second paragraph. All you need to add is na-na na-na boo boo and you have completed your sentence. You are publicly acting like a child and sound proud. 🙄😂,😂 You’re quoting from your loss as an insult to someone else. And then acting (sounding) like a 4 year old in your second paragraph. All you need to add is na-na na-na boo boo and you have completed your sentence. You are publicly acting like a child and sound proud. 🙄😂,bullying_harassment,Medium,BullyExplain-Hinglish,real,You’re quoting from your loss as an {insult to someone else And then {acting (sounding) {like a {4 {year {old in your second paragraph All you need to add is na-na na-na boo boo and you have completed your sentence You are {publicly {acting {like a {child and sound proud
real_bullyexplain_hinglish_0130,Hinglish,mixed,1,"A: On the Q.U.E.S.T. to Success, it’s important to take a break to focus on your mental &amp; physical health! Join me &amp; Bodied by B. Rachel as we Sweat to Success, April 1st @ 5PM💪🏽 Those who join the live &amp; leave a comment will be entered in a raffle!🎟 QUESTtoSuccess PVElections","On the Q.U.E.S.T. to Success, it’s important to take a break to focus on your mental &amp; physical health! Join me &amp; Bodied by B. Rachel as we Sweat to Success, April 1st @ 5PM💪🏽 Those who join the live &amp; leave a comment will be entered in a raffle!🎟 QUESTtoSuccess PVElections",neutral,Low,BullyExplain-Hinglish,real,Real public research sample from BullyExplain-Hinglish.
real_bullyexplain_hinglish_0131,Hinglish,mixed,1,A: You.... have disappointed me that you dont understand the meaning to: “NO MORE YANKY MY WANKY!!!”,You.... have disappointed me that you dont understand the meaning to: “NO MORE YANKY MY WANKY!!!”,neutral,Low,BullyExplain-Hinglish,real,Real public research sample from BullyExplain-Hinglish.
real_bullyexplain_hinglish_0132,Hinglish,mixed,1,A: - first impression of you : lucuu gemoi - your nickname in my head : randi? - you’re my : moots🥰 - rate closeness (1-10) : 8,- first impression of you : lucuu gemoi - your nickname in my head : randi? - you’re my : moots🥰 - rate closeness (1-10) : 8,bullying_harassment,Medium,BullyExplain-Hinglish,real,- first impression of you lucuu gemoi- your nickname in my head {randi?- you’re {my {moots- rate closeness (1-10) 8
real_bullyexplain_hinglish_0133,Hinglish,mixed,1,A: Nooooo 😓😓 fr ? How many doses you have to get ?,Nooooo 😓😓 fr ? How many doses you have to get ?,neutral,Low,BullyExplain-Hinglish,real,Real public research sample from BullyExplain-Hinglish.
real_bullyexplain_hinglish_0134,Hinglish,mixed,1,A: I‘ve been down bad since Monday &amp; it was just my 1st dose 😭 worse than when i had covid stg,I‘ve been down bad since Monday &amp; it was just my 1st dose 😭 worse than when i had covid stg,neutral,Low,BullyExplain-Hinglish,real,Real public research sample from BullyExplain-Hinglish.
real_bullyexplain_hinglish_0135,Hinglish,mixed,1,A: Im getting my first dose this Saturday and Im getting Moderna. Didnt really have a choice in what vac I can get. My co-worker got Pfizer and she got feverish and body aches.,Im getting my first dose this Saturday and Im getting Moderna. Didnt really have a choice in what vac I can get. My co-worker got Pfizer and she got feverish and body aches.,neutral,Low,BullyExplain-Hinglish,real,Real public research sample from BullyExplain-Hinglish.
real_bullyexplain_hinglish_0136,Hinglish,mixed,1,"A: I didn’t really have a choice in which one I got, but received the moderna vaccine. The only side effects I had was a sore arm (~36 hrs), little bit sleepy, and developed a rash that went away within 2 days about 8 days after my first dose. Going back for my second dose tomorrow.","I didn’t really have a choice in which one I got, but received the moderna vaccine. The only side effects I had was a sore arm (~36 hrs), little bit sleepy, and developed a rash that went away within 2 days about 8 days after my first dose. Going back for my second dose tomorrow.",neutral,Low,BullyExplain-Hinglish,real,Real public research sample from BullyExplain-Hinglish.
real_bullyexplain_hinglish_0137,Hinglish,mixed,1,A: J&amp;J- had a fever for about 24hrs but it was nothing advil couldn't handle.,J&amp;J- had a fever for about 24hrs but it was nothing advil couldn't handle.,neutral,Low,BullyExplain-Hinglish,real,Real public research sample from BullyExplain-Hinglish.
real_bullyexplain_hinglish_0138,Hinglish,mixed,1,A: Great emphasis on how it’s healthcare professions that need to do the work to change the opinions of vaccine-hesitant individuals. Too many times I hear “educated” people trashing those scared of the vaccine. Misinformation is the culprit here - not those who fall victim to it!,Great emphasis on how it’s healthcare professions that need to do the work to change the opinions of vaccine-hesitant individuals. Too many times I hear “educated” people trashing those scared of the vaccine. Misinformation is the culprit here - not those who fall victim to it!,neutral,Low,BullyExplain-Hinglish,real,Real public research sample from BullyExplain-Hinglish.
real_bullyexplain_hinglish_0139,Hinglish,mixed,1,"A: Queen Table Talk with Dakota, live at @ 6PM! You don’t want to miss it!👏🏽 QUESTtoSUCCESS PVElections","Queen Table Talk with Dakota, live at @ 6PM! You don’t want to miss it!👏🏽 QUESTtoSUCCESS PVElections",neutral,Low,BullyExplain-Hinglish,real,Real public research sample from BullyExplain-Hinglish.
real_bullyexplain_hinglish_0140,Hinglish,mixed,1,"A: one thing ab me, i’m not gone be anybody’s** secret . you either gone let it be known or you gotta go 🤷🏻‍♀️","one thing ab me, i’m not gone be anybody’s** secret . you either gone let it be known or you gotta go 🤷🏻‍♀️",neutral,Low,BullyExplain-Hinglish,real,Real public research sample from BullyExplain-Hinglish.
real_bullyexplain_hinglish_0141,Hinglish,mixed,1,A: Man on FB Messenger - Pls reply me I’m a decent man be my friend Me - Man - Randi saali reply kar varna dekh le kya karta hu,Man on FB Messenger - Pls reply me I’m a decent man be my friend Me - Man - Randi saali reply kar varna dekh le kya karta hu,bullying_harassment,Medium,BullyExplain-Hinglish,real,Man on FB Messenger - Pls reply me I’m a decent man be my friend Me -Man - {Randi {saali reply kar {varna {dekh le kya {karta hu
real_bullyexplain_hinglish_0142,Hinglish,mixed,1,A: anyone got HKMS (teri ma randi ) clip that was hilarious plsssssss senddddd,anyone got HKMS (teri ma randi ) clip that was hilarious plsssssss senddddd,neutral,Low,BullyExplain-Hinglish,real,Real public research sample from BullyExplain-Hinglish.
real_bullyexplain_hinglish_0143,Hinglish,mixed,1,"A: Maybe some funny edits from frenemies? Like everytine they stare at eachother, or when they parody eachother or Trish says something silly and Ethan is in disbelief","Maybe some funny edits from frenemies? Like everytine they stare at eachother, or when they parody eachother or Trish says something silly and Ethan is in disbelief",neutral,Low,BullyExplain-Hinglish,real,Real public research sample from BullyExplain-Hinglish.
real_bullyexplain_hinglish_0144,Hinglish,mixed,1,A: lmfaooo obviously you think you are 🤡you don’t pick and choose who has “real anxiety” nor is it really your place to speak on it because you lack a PhD in psychology. feel free to re enter the chat when you get one.,lmfaooo obviously you think you are 🤡you don’t pick and choose who has “real anxiety” nor is it really your place to speak on it because you lack a PhD in psychology. feel free to re enter the chat when you get one.,neutral,Low,BullyExplain-Hinglish,real,Real public research sample from BullyExplain-Hinglish.
real_bullyexplain_hinglish_0145,Hinglish,mixed,1,A: Isky dimagh se lun nikle to smjh aye na is randi k bachy ko 😂,Isky dimagh se lun nikle to smjh aye na is randi k bachy ko 😂,bullying_harassment,Medium,BullyExplain-Hinglish,real,Isky {dimagh se {lun {nikle to smjh aye na is {randi k {bachy ko
real_bullyexplain_hinglish_0146,Hinglish,mixed,1,A: aby ooo randi ke bache main acc se aja gand me dam he to idher apni ma na chuda pubg me teri noti se ma chud gaui he idher tujhe apni baji pesh karne maky lore kusss marani ke mujhe ab notif agya na phir dekh kesi chod ta madarchod ka bacha bhen ka lund l,aby ooo randi ke bache main acc se aja gand me dam he to idher apni ma na chuda pubg me teri noti se ma chud gaui he idher tujhe apni baji pesh karne maky lore kusss marani ke mujhe ab notif agya na phir dekh kesi chod ta madarchod ka bacha bhen ka lund l,bullying_harassment,Medium,BullyExplain-Hinglish,real,{aby ooo {randi ke {bache main acc se {aja {gand me {dam he to idher apni {ma na {chuda pubg me teri noti se ma {chud {gaui he idher tujhe apni baji pesh karne maky lore kusss {marani ke mujhe ab notif agya na phir dekh {kesi {chod {ta {madarchod ka bacha {bhen {ka {lund l
real_bullyexplain_hinglish_0147,Hinglish,mixed,1,A: I got the Moderna through my work. Thr first one was just a really sore arm. Shot 2 I felt like I was more and more like cement throughout the first day. Day 2 &amp;3 were fine just tired.,I got the Moderna through my work. Thr first one was just a really sore arm. Shot 2 I felt like I was more and more like cement throughout the first day. Day 2 &amp;3 were fine just tired.,neutral,Low,BullyExplain-Hinglish,real,Real public research sample from BullyExplain-Hinglish.
real_bullyexplain_hinglish_0148,Hinglish,mixed,1,A: Pifzer - sore arm for 2 days. Compared to 9 months of parosmia after covid... I wish more people new that 30% of those who lose smell and taste wil get it fucked for months or years. It's so bad I don't even wish it on antivaccs.,Pifzer - sore arm for 2 days. Compared to 9 months of parosmia after covid... I wish more people new that 30% of those who lose smell and taste wil get it fucked for months or years. It's so bad I don't even wish it on antivaccs.,neutral,Low,BullyExplain-Hinglish,real,Real public research sample from BullyExplain-Hinglish.
real_bullyexplain_hinglish_0149,Hinglish,mixed,1,"A: So first it’s “you don’t have to show vaccination when you travel” and now we’re back tracking to “oh well just not the countries I travel to” 🤣🤣🤣 you don’t have to get the vaccine, but other countries also don’t have to let you in 🤷🏼‍♀️","So first it’s “you don’t have to show vaccination when you travel” and now we’re back tracking to “oh well just not the countries I travel to” 🤣🤣🤣 you don’t have to get the vaccine, but other countries also don’t have to let you in 🤷🏼‍♀️",bullying_harassment,Medium,BullyExplain-Hinglish,real,So first it’s “you {don’t {have to {show {vaccination when you travel” and now we’re {back tracking to “{oh well {just {not the {countries I {travel to” you don’t have to get the vaccine {but {other {countries also {don’t have to {let {you {in ‍♀️
real_bullyexplain_hinglish_0150,Hinglish,mixed,1,"A: VetsRemember Thank you for your service SMSgt. Estle Verlin Johnson, lost to Agent Orange. We will not forget.","VetsRemember Thank you for your service SMSgt. Estle Verlin Johnson, lost to Agent Orange. We will not forget.",neutral,Low,BullyExplain-Hinglish,real,Real public research sample from BullyExplain-Hinglish.
real_bullyexplain_hinglish_0151,Hinglish,mixed,1,A: Tere baap somi om hai kya bsdk chakke ke aulaad chindi star ka fan Canadian mc teri maa toh randi hai hi saat mei tu bhi renda hai tujhe chakke pel the hai,Tere baap somi om hai kya bsdk chakke ke aulaad chindi star ka fan Canadian mc teri maa toh randi hai hi saat mei tu bhi renda hai tujhe chakke pel the hai,bullying_harassment,Medium,BullyExplain-Hinglish,real,Tere {baap {somi {om hai kya {bsdk {chakke ke {aulaad {chindi star ka fan {Canadian {mc {teri {maa toh {randi hai hi {saat mei tu bhi {renda hai tujhe {chakke {pel {the hai
real_bullyexplain_hinglish_0152,Hinglish,mixed,1,"A: We are looking for a youth citizen at large to sit on the Recreation &amp; Parks Board! If you feel this is a Board that interests you or if you have any further questions, please contact: Randi McPhillips, Manager, Recreation Services 403-362-3622 | rmcphillips.ca.","We are looking for a youth citizen at large to sit on the Recreation &amp; Parks Board! If you feel this is a Board that interests you or if you have any further questions, please contact: Randi McPhillips, Manager, Recreation Services 403-362-3622 | rmcphillips.ca.",neutral,Low,BullyExplain-Hinglish,real,Real public research sample from BullyExplain-Hinglish.
real_bullyexplain_hinglish_0153,Hinglish,mixed,1,A: I had Pfizer (just one shot so far) and only had a little neck ache but nothing else ❤️,I had Pfizer (just one shot so far) and only had a little neck ache but nothing else ❤️,neutral,Low,BullyExplain-Hinglish,real,Real public research sample from BullyExplain-Hinglish.
real_bullyexplain_hinglish_0154,Hinglish,mixed,1,"A: My husband got the J&amp;J which is 2 shots in 1. The day after him and a few coworkers had side effects. Extreme nausea, hot&amp;cold but it cleared up after a day. The j&amp;j is only 1 shot where the others you receive 2.","My husband got the J&amp;J which is 2 shots in 1. The day after him and a few coworkers had side effects. Extreme nausea, hot&amp;cold but it cleared up after a day. The j&amp;j is only 1 shot where the others you receive 2.",neutral,Low,BullyExplain-Hinglish,real,Real public research sample from BullyExplain-Hinglish.
real_bullyexplain_hinglish_0155,Hinglish,mixed,1,A: Why is that ? Same national union leadership ? Ask Randi Weingarten,Why is that ? Same national union leadership ? Ask Randi Weingarten,neutral,Low,BullyExplain-Hinglish,real,Real public research sample from BullyExplain-Hinglish.
real_bullyexplain_hinglish_0156,Hinglish,mixed,1,A: Wrong. I took a poll to see what vaccine was most accessible to people solely cuz I was curious. There are side effects to all of the vaccines &amp; simply asked what people got/ what side effects they experienced. You are nuts 😂,Wrong. I took a poll to see what vaccine was most accessible to people solely cuz I was curious. There are side effects to all of the vaccines &amp; simply asked what people got/ what side effects they experienced. You are nuts 😂,bullying_harassment,Medium,BullyExplain-Hinglish,real,{Wrong I took a poll to see what vaccine was most accessible to people solely cuz I was curious There are {side {effects to all of the vaccines &amp; simply asked what people got/ what {side {effects they experienced {You {are {nuts
real_bullyexplain_hinglish_0157,Hinglish,mixed,1,A: Har jagah ek hi randi Rona shuru hota hai,Har jagah ek hi randi Rona shuru hota hai,bullying_harassment,Medium,BullyExplain-Hinglish,real,Har jagah ek hi {randi {Rona {shuru hota hai
real_bullyexplain_hinglish_0158,Hinglish,mixed,1,"A: lol - yeah, randi, we all know where your ""Dr"" credints came from. Fauci got his in a much more demanding curriculum.","lol - yeah, randi, we all know where your ""Dr"" credints came from. Fauci got his in a much more demanding curriculum.",bullying_harassment,Medium,BullyExplain-Hinglish,real,"{lol - yeah {randi we all know where your {""Dr"" {credints came from {Fauci got his in a much more demanding curriculum"
real_bullyexplain_hinglish_0159,Hinglish,mixed,1,"A: I took moderna, felt slight headache and sore shoulder. Patents experienced alot of pain on the shoulder, fatigue, and a pretty bad fever. After tyenelol, its like nothing happened.","I took moderna, felt slight headache and sore shoulder. Patents experienced alot of pain on the shoulder, fatigue, and a pretty bad fever. After tyenelol, its like nothing happened.",neutral,Low,BullyExplain-Hinglish,real,Real public research sample from BullyExplain-Hinglish.
real_bullyexplain_hinglish_0160,Hinglish,mixed,1,"A: i feel you, it wasn’t my tweet lol i did retweet it tho bc that’s how it is for me but i’m actually both &amp; it does affect everyone different 🤷🏻‍♀️","i feel you, it wasn’t my tweet lol i did retweet it tho bc that’s how it is for me but i’m actually both &amp; it does affect everyone different 🤷🏻‍♀️",neutral,Low,BullyExplain-Hinglish,real,Real public research sample from BullyExplain-Hinglish.
real_bullyexplain_hinglish_0161,Hinglish,mixed,1,"A: For Pfizer I was tired and had a sore arm on the first round (2 days), on the second shot everything hurt in my joints, I got a cough, I couldn’t stay away longer than 4 hours at a time, and my stomach was very unhappy (4 days)","For Pfizer I was tired and had a sore arm on the first round (2 days), on the second shot everything hurt in my joints, I got a cough, I couldn’t stay away longer than 4 hours at a time, and my stomach was very unhappy (4 days)",neutral,Low,BullyExplain-Hinglish,real,Real public research sample from BullyExplain-Hinglish.
real_bullyexplain_hinglish_0162,Hinglish,mixed,1,A: This was beautiful! Are you a member of the Subtle Mixed Traits Facebook group? A lot of the same conversations are happening there (I’ve also made friends from all over the world),This was beautiful! Are you a member of the Subtle Mixed Traits Facebook group? A lot of the same conversations are happening there (I’ve also made friends from all over the world),neutral,Low,BullyExplain-Hinglish,real,Real public research sample from BullyExplain-Hinglish.
real_bullyexplain_hinglish_0163,Hinglish,mixed,1,A: How is me asking people what their experience was like “a misleading tweet” at all? Wtf 😂🤦‍♀️,How is me asking people what their experience was like “a misleading tweet” at all? Wtf 😂🤦‍♀️,bullying_harassment,Medium,BullyExplain-Hinglish,real,How is me {asking {people what their {experience was like “a {misleading {tweet” at all? {Wtf ‍♀️
real_bullyexplain_hinglish_0164,Hinglish,mixed,1,A: Why u have started this 'Randi Rona' so soon? PYI : 'Randi Rona' is Punjabi phrase Google the meaning if u don't know,Why u have started this 'Randi Rona' so soon? PYI : 'Randi Rona' is Punjabi phrase Google the meaning if u don't know,bullying_harassment,Medium,BullyExplain-Hinglish,real,Why u have started this '{Randi {Rona' so {soon?PYI '{Randi {Rona' is Punjabi phrase Google the meaning if u don't know
real_bullyexplain_hinglish_0165,Hinglish,mixed,1,"A: I SAID MY FREN WHY SHE DOIN RANDI RONA , SHE SAID BESTIE NO CALL IT ""RANTING"" 😭😭😭😭😭😭😭😭","I SAID MY FREN WHY SHE DOIN RANDI RONA , SHE SAID BESTIE NO CALL IT ""RANTING"" 😭😭😭😭😭😭😭😭",neutral,Low,BullyExplain-Hinglish,real,Real public research sample from BullyExplain-Hinglish.
real_bullyexplain_hinglish_0166,Hinglish,mixed,1,"A: After attending this session, I am blown away by the hundreds of vaccine hesitant comments I saw. “We are not your science experiment.” “I’m waiting for the Moderna or Pfizer.” “Propaganda puppets.” We, as respected healthcare professionals, still have a lot of work to do.","After attending this session, I am blown away by the hundreds of vaccine hesitant comments I saw. “We are not your science experiment.” “I’m waiting for the Moderna or Pfizer.” “Propaganda puppets.” We, as respected healthcare professionals, still have a lot of work to do.",bullying_harassment,Medium,BullyExplain-Hinglish,real,After attending this session I am {blown {away by the {hundreds of {vaccine {hesitant comments I saw“We are {not your {science {experiment” “I’m waiting for the Moderna or Pfizer” “{Propaganda {puppets” We as respected {healthcare {professionals still have a lot of work to do
real_bullyexplain_hinglish_0167,Hinglish,mixed,1,A: My hubs got the j&amp;j one. He had a full day of achiness(no fever) &amp; tired.But on the second day is slowly went away. Day 3 back to normal. I need to schedule mine.,My hubs got the j&amp;j one. He had a full day of achiness(no fever) &amp; tired.But on the second day is slowly went away. Day 3 back to normal. I need to schedule mine.,neutral,Low,BullyExplain-Hinglish,real,Real public research sample from BullyExplain-Hinglish.
real_bullyexplain_hinglish_0168,Hinglish,mixed,1,"A: Join me today as I host a Queen Table Talk on Instagram LIVE @ 6PM. I will be discussing my platform, Q&amp;A and hear about some programs &amp; initiatives I have planned! IG: DMJ._✨ QUESTtoSuccess PVElections","Join me today as I host a Queen Table Talk on Instagram LIVE @ 6PM. I will be discussing my platform, Q&amp;A and hear about some programs &amp; initiatives I have planned! IG: DMJ._✨ QUESTtoSuccess PVElections",neutral,Low,BullyExplain-Hinglish,real,Real public research sample from BullyExplain-Hinglish.
real_bullyexplain_hinglish_0169,Hinglish,mixed,1,"A: I’ve gotten a couple DMs asking me to make more edits on my youtube channel. While I realllly miss making them &amp; would love to make more, something needs to happen thats edit appropriate. Like, SA &amp; grooming isn’t a joke/ a funny edit idea &amp; that’s what’s been going on lately.","I’ve gotten a couple DMs asking me to make more edits on my youtube channel. While I realllly miss making them &amp; would love to make more, something needs to happen thats edit appropriate. Like, SA &amp; grooming isn’t a joke/ a funny edit idea &amp; that’s what’s been going on lately.",neutral,Low,BullyExplain-Hinglish,real,Real public research sample from BullyExplain-Hinglish.
real_bullyexplain_hinglish_0170,Hinglish,mixed,1,"A: 🌊Lead author Anna Gauthier (), who is co-mentored by Drs. Jonathan Kagan () and Randi Rotjan (), cultured deep-sea microbes and found that ImmuneReceptors are unable to detect most bacteria from a different ecosystem.","🌊Lead author Anna Gauthier (), who is co-mentored by Drs. Jonathan Kagan () and Randi Rotjan (), cultured deep-sea microbes and found that ImmuneReceptors are unable to detect most bacteria from a different ecosystem.",neutral,Low,BullyExplain-Hinglish,real,Real public research sample from BullyExplain-Hinglish.
real_bullyexplain_hinglish_0171,Hinglish,mixed,1,A: Suna kisi Randi de bachyy apni Maa da oo ontari aurat,Suna kisi Randi de bachyy apni Maa da oo ontari aurat,bullying_harassment,Medium,BullyExplain-Hinglish,real,Suna kisi {Randi de {bachyy {apni {Maa da oo {ontari {aurat
real_bullyexplain_hinglish_0172,Hinglish,mixed,1,A: ara is ka tu randi ronay hi ni khtm hoty,ara is ka tu randi ronay hi ni khtm hoty,bullying_harassment,Medium,BullyExplain-Hinglish,real,ara is ka {tu {randi {ronay hi ni {khtm {hoty
real_bullyexplain_hinglish_0173,Hinglish,mixed,1,A: She is a third grade women... have seen it back then when on live session calling someone randi ka baccha .. just becoz he called in between a live online session 😅,She is a third grade women... have seen it back then when on live session calling someone randi ka baccha .. just becoz he called in between a live online session 😅,bullying_harassment,Medium,BullyExplain-Hinglish,real,She is a {third {grade {women have seen it back then when on live session calling someone {randi {ka {baccha just becoz he called in between a live online session
real_bullyexplain_hinglish_0174,Hinglish,mixed,1,A: Mallu Hannah Baker is sasti randi of this platform. Jiska mood woh aake iski gand leta h 😭😭😭,Mallu Hannah Baker is sasti randi of this platform. Jiska mood woh aake iski gand leta h 😭😭😭,bullying_harassment,Medium,BullyExplain-Hinglish,real,Mallu Hannah Baker is {sasti {randi of this platform Jiska mood woh {aake {iski {gand {leta h
real_bullyexplain_hinglish_0175,Hinglish,mixed,1,A: Asad Khan to hi he randi ka bacha bhehan chood,Asad Khan to hi he randi ka bacha bhehan chood,bullying_harassment,Medium,BullyExplain-Hinglish,real,Asad Khan to hi he {randi {ka {bacha {bhehan {chood
real_dravidianlangtech_malayalam_0176,Malayalam,native,1,A: പലദേശം. പല ഭാഷ ഒരേ ഒരു രാജാവ് അല്ലാതെ സ്വന്തം രാജവയത് അല്ല,പലദേശം. പല ഭാഷ ഒരേ ഒരു രാജാവ് അല്ലാതെ സ്വന്തം രാജവയത് അല്ല,neutral,Low,DravidianLangTech-Malayalam,real,Real public research sample from DravidianLangTech-Malayalam.
real_dravidianlangtech_malayalam_0177,Malayalam,native,1,A: ഈ ഓണം ഏട്ടനും പിള്ളേർക്ക് ഉള്ളതാണ് എന്ന് ഉള്ളവർ ലൈക്‌ അടി,ഈ ഓണം ഏട്ടനും പിള്ളേർക്ക് ഉള്ളതാണ് എന്ന് ഉള്ളവർ ലൈക്‌ അടി,neutral,Low,DravidianLangTech-Malayalam,real,Real public research sample from DravidianLangTech-Malayalam.
real_dravidianlangtech_malayalam_0178,Manglish,mixed,1,A: ആരണ്ട ആരണ്ട തലുണ്ടാകാണാ ആരണ്ട ഞാൻ ആണ്ട ഞാൻ ആണ്ട ഞാൻ Royal Mech ആടാ ആരണ്ട ആരണ്ട മീശ പിരിക്കുന്ന ആരണ്ട ഞാൻ ആണ്ട ഞാൻ ആണ്ട ഞാൻ royal Mech ആടാ,ആരണ്ട ആരണ്ട തലുണ്ടാകാണാ ആരണ്ട ഞാൻ ആണ്ട ഞാൻ ആണ്ട ഞാൻ Royal Mech ആടാ ആരണ്ട ആരണ്ട മീശ പിരിക്കുന്ന ആരണ്ട ഞാൻ ആണ്ട ഞാൻ ആണ്ട ഞാൻ royal Mech ആടാ,neutral,Low,DravidianLangTech-Malayalam,real,Real public research sample from DravidianLangTech-Malayalam.
real_dravidianlangtech_malayalam_0179,Manglish,roman,1,A: Sushin syam Shaiju khalid Midhun manual,Sushin syam Shaiju khalid Midhun manual,neutral,Low,DravidianLangTech-Malayalam,real,Real public research sample from DravidianLangTech-Malayalam.
real_dravidianlangtech_malayalam_0180,Manglish,roman,1,A: J A K E S. B EJ O Y !!!,J A K E S. B EJ O Y !!!,neutral,Low,DravidianLangTech-Malayalam,real,Real public research sample from DravidianLangTech-Malayalam.
real_dravidianlangtech_malayalam_0181,Manglish,roman,1,A: Pwoli item padam kananda ennu karuthiyatha pakshe ini kaanum,Pwoli item padam kananda ennu karuthiyatha pakshe ini kaanum,neutral,Low,DravidianLangTech-Malayalam,real,Real public research sample from DravidianLangTech-Malayalam.
real_dravidianlangtech_malayalam_0182,Manglish,roman,1,A: Oru ratchasan feel kittitu ullalo. Bgm athra adipoliyano,Oru ratchasan feel kittitu ullalo. Bgm athra adipoliyano,neutral,Low,DravidianLangTech-Malayalam,real,Real public research sample from DravidianLangTech-Malayalam.
real_dravidianlangtech_malayalam_0183,Malayalam,native,1,A: ഷൈലോക്ക് ന്റെ നല്ല ടീസർ ആയിട്ട് പോലും ട്രോളി നടന്ന ലാലേട്ടൻ ഫാൻസിന് കിട്ടിയൊരു നല്ലൊരു തിരിച്ചടി തന്നെ ആയിരിന്നു ബിഗ് ബ്രദർ ന്റെ ട്രെയ്‌ലർ,ഷൈലോക്ക് ന്റെ നല്ല ടീസർ ആയിട്ട് പോലും ട്രോളി നടന്ന ലാലേട്ടൻ ഫാൻസിന് കിട്ടിയൊരു നല്ലൊരു തിരിച്ചടി തന്നെ ആയിരിന്നു ബിഗ് ബ്രദർ ന്റെ ട്രെയ്‌ലർ,neutral,Low,DravidianLangTech-Malayalam,real,Real public research sample from DravidianLangTech-Malayalam.
real_dravidianlangtech_malayalam_0184,Manglish,mixed,1,A: ന്റമ്മോ ഇജ്ജാതി trailor.. Uffftrailor ethegilum.. Padam. Pwoliyo pwoli,ന്റമ്മോ ഇജ്ജാതി trailor.. Uffftrailor ethegilum.. Padam. Pwoliyo pwoli,neutral,Low,DravidianLangTech-Malayalam,real,Real public research sample from DravidianLangTech-Malayalam.
real_dravidianlangtech_malayalam_0185,Manglish,mixed,1,A: ഇത് ബോംബ് ആകും എന്ന് തോന്നുന്നവർ Like അടിക്ക്....,ഇത് ബോംബ് ആകും എന്ന് തോന്നുന്നവർ Like അടിക്ക്....,neutral,Low,DravidianLangTech-Malayalam,real,Real public research sample from DravidianLangTech-Malayalam.
real_dravidianlangtech_malayalam_0186,Manglish,roman,1,A: Ee asurante varavin katta waiting........MAMMOOKKA.. uyir,Ee asurante varavin katta waiting........MAMMOOKKA.. uyir,neutral,Low,DravidianLangTech-Malayalam,real,Real public research sample from DravidianLangTech-Malayalam.
real_dravidianlangtech_malayalam_0187,Manglish,mixed,1,A: Rajuvettan chunkalla chunkidipaan adi makalle like Neela adi chunk കളെ,Rajuvettan chunkalla chunkidipaan adi makalle like Neela adi chunk കളെ,neutral,Low,DravidianLangTech-Malayalam,real,Real public research sample from DravidianLangTech-Malayalam.
real_dravidianlangtech_malayalam_0188,Manglish,roman,1,A: Ettan kurch koode perfect akum enn vicharikunu by H,Ettan kurch koode perfect akum enn vicharikunu by H,neutral,Low,DravidianLangTech-Malayalam,real,Real public research sample from DravidianLangTech-Malayalam.
real_dravidianlangtech_malayalam_0189,Malayalam,native,1,A: മാമാങ്കത്തിൽ മമ്മൂക്കയെ കണ്ടു . ഇതിപ്പോ ആരാ .,മാമാങ്കത്തിൽ മമ്മൂക്കയെ കണ്ടു . ഇതിപ്പോ ആരാ .,neutral,Low,DravidianLangTech-Malayalam,real,Real public research sample from DravidianLangTech-Malayalam.
real_dravidianlangtech_malayalam_0190,Manglish,roman,1,A: Vada.. ithu kettu romancham vannavarku likenulla coment,Vada.. ithu kettu romancham vannavarku likenulla coment,neutral,Low,DravidianLangTech-Malayalam,real,Real public research sample from DravidianLangTech-Malayalam.
real_dravidianlangtech_malayalam_0191,Manglish,roman,1,A: Haneef adeni pwolikkum Maass trailer Mommookkayude Face kanum yenn pradeekshichu Sambavam marana maass aann,Haneef adeni pwolikkum Maass trailer Mommookkayude Face kanum yenn pradeekshichu Sambavam marana maass aann,neutral,Low,DravidianLangTech-Malayalam,real,Real public research sample from DravidianLangTech-Malayalam.
real_dravidianlangtech_malayalam_0192,Manglish,roman,1,A: padam vere leval kandu ada oru figth,padam vere leval kandu ada oru figth,neutral,Low,DravidianLangTech-Malayalam,real,Real public research sample from DravidianLangTech-Malayalam.
real_dravidianlangtech_malayalam_0193,Malayalam,native,1,A: ഓണത്തിനു ജെട്ടിമാണി നൽകിയ ക്ഷീണം ക്രിസ്മസിനു ഇതു മാറ്റുമെന്ന് പ്രതീക്ഷിക്കുന്നു ',ഓണത്തിനു ജെട്ടിമാണി നൽകിയ ക്ഷീണം ക്രിസ്മസിനു ഇതു മാറ്റുമെന്ന് പ്രതീക്ഷിക്കുന്നു ',neutral,Low,DravidianLangTech-Malayalam,real,Real public research sample from DravidianLangTech-Malayalam.
real_dravidianlangtech_malayalam_0194,Manglish,mixed,1,A: ആ ജോഷി തന്നെയാണോ??? joshiy എന്നു കണ്ടതുകൊണ്ടു ചോതിച്ചതാണ്???ആരാണെങ്കിലും trailer അടിപൊളി!,ആ ജോഷി തന്നെയാണോ??? joshiy എന്നു കണ്ടതുകൊണ്ടു ചോതിച്ചതാണ്???ആരാണെങ്കിലും trailer അടിപൊളി!,neutral,Low,DravidianLangTech-Malayalam,real,Real public research sample from DravidianLangTech-Malayalam.
real_dravidianlangtech_malayalam_0195,Malayalam,native,1,A: തെറ്റ് കൾ തിരുത്തിയാൽ നന്നായിരിക്കും. അല്ലങ്കിൽ തിരുത്താൻ പറ്റാത്ത തെറ്റായിരിക്കും.,തെറ്റ് കൾ തിരുത്തിയാൽ നന്നായിരിക്കും. അല്ലങ്കിൽ തിരുത്താൻ പറ്റാത്ത തെറ്റായിരിക്കും.,neutral,Low,DravidianLangTech-Malayalam,real,Real public research sample from DravidianLangTech-Malayalam.
real_dravidianlangtech_malayalam_0196,Manglish,roman,1,A: Ikka polikumen urappullavar like and comment please,Ikka polikumen urappullavar like and comment please,neutral,Low,DravidianLangTech-Malayalam,real,Real public research sample from DravidianLangTech-Malayalam.
real_dravidianlangtech_malayalam_0197,Manglish,roman,1,A: December 12 inn katta waitingullar like poad,December 12 inn katta waitingullar like poad,neutral,Low,DravidianLangTech-Malayalam,real,Real public research sample from DravidianLangTech-Malayalam.
real_dravidianlangtech_malayalam_0198,Manglish,roman,1,A: Jobi jorge padam ano. Potti mone,Jobi jorge padam ano. Potti mone,bullying_harassment,Medium,DravidianLangTech-Malayalam,real,Offensive social comment identified in DravidianLangTech corpus.
real_dravidianlangtech_malayalam_0199,Manglish,roman,1,A: ippo mansilai e padam 8 nilayil pottum,ippo mansilai e padam 8 nilayil pottum,neutral,Low,DravidianLangTech-Malayalam,real,Real public research sample from DravidianLangTech-Malayalam.
real_dravidianlangtech_malayalam_0200,Manglish,roman,1,A: Adar Trailer ......summer mass entertainer thanne aayirikum enn pratheekshikunnu......,Adar Trailer ......summer mass entertainer thanne aayirikum enn pratheekshikunnu......,neutral,Low,DravidianLangTech-Malayalam,real,Real public research sample from DravidianLangTech-Malayalam.
real_dravidianlangtech_malayalam_0201,Manglish,roman,1,A: Richie orma vanathu eniku mathram ano,Richie orma vanathu eniku mathram ano,neutral,Low,DravidianLangTech-Malayalam,real,Real public research sample from DravidianLangTech-Malayalam.
real_dravidianlangtech_malayalam_0202,Manglish,roman,1,A: Ningalkarkum commercile pillere ariyillie mech,Ningalkarkum commercile pillere ariyillie mech,neutral,Low,DravidianLangTech-Malayalam,real,Real public research sample from DravidianLangTech-Malayalam.
real_dravidianlangtech_malayalam_0203,Manglish,roman,1,A: Kalkikku malayalathinte dhathuputhran alluarjun fansite vijayaashamsakal,Kalkikku malayalathinte dhathuputhran alluarjun fansite vijayaashamsakal,neutral,Low,DravidianLangTech-Malayalam,real,Real public research sample from DravidianLangTech-Malayalam.
real_dravidianlangtech_malayalam_0204,Manglish,roman,1,A: Fahad shane soubin baasi kidu team,Fahad shane soubin baasi kidu team,neutral,Low,DravidianLangTech-Malayalam,real,Real public research sample from DravidianLangTech-Malayalam.
real_dravidianlangtech_malayalam_0205,Manglish,mixed,1,A: Whatsapp status ലെ പോലെ ആ triangal എഫക്ട് വന്നിലെങ്കിൽ ടീസർ ഒരു ഒരു വൃത്തി ഉണ്ടയെന്നെ...,Whatsapp status ലെ പോലെ ആ triangal എഫക്ട് വന്നിലെങ്കിൽ ടീസർ ഒരു ഒരു വൃത്തി ഉണ്ടയെന്നെ...,neutral,Low,DravidianLangTech-Malayalam,real,Real public research sample from DravidianLangTech-Malayalam.
real_dravidianlangtech_malayalam_0206,Manglish,roman,1,A: Soubin achanod vazhakakakunu...achanu sahayathinu robotine soubin set akunu...robotinte koode jeevikuna achan parishkari akunu...achanum makanum onnikunu...subham,Soubin achanod vazhakakakunu...achanu sahayathinu robotine soubin set akunu...robotinte koode jeevikuna achan parishkari akunu...achanum makanum onnikunu...subham,neutral,Low,DravidianLangTech-Malayalam,real,Real public research sample from DravidianLangTech-Malayalam.
real_dravidianlangtech_malayalam_0207,Manglish,roman,1,A: Shariya killi chundan thanne sreenivasan enthei hajiyar,Shariya killi chundan thanne sreenivasan enthei hajiyar,neutral,Low,DravidianLangTech-Malayalam,real,Real public research sample from DravidianLangTech-Malayalam.
real_dravidianlangtech_malayalam_0208,Manglish,roman,1,A: Mangeettu moongeetu povaan shenoyi vere janikanam,Mangeettu moongeetu povaan shenoyi vere janikanam,neutral,Low,DravidianLangTech-Malayalam,real,Real public research sample from DravidianLangTech-Malayalam.
real_dravidianlangtech_malayalam_0209,Manglish,roman,1,A: Malayalam film industry il vere aarkku pattum iddehathe pole aakan. Pakaram vekkan aarumillatha one and only Lalettan,Malayalam film industry il vere aarkku pattum iddehathe pole aakan. Pakaram vekkan aarumillatha one and only Lalettan,neutral,Low,DravidianLangTech-Malayalam,real,Real public research sample from DravidianLangTech-Malayalam.
real_dravidianlangtech_malayalam_0210,Manglish,roman,1,A: 1 week kayinjal edenkilum channelil kanam,1 week kayinjal edenkilum channelil kanam,neutral,Low,DravidianLangTech-Malayalam,real,Real public research sample from DravidianLangTech-Malayalam.
real_dravidianlangtech_malayalam_0211,Manglish,roman,1,A: Tovinooo tovinoo....... tovinooo tovinoooo masss..kkaa... valliyappaaa.....,Tovinooo tovinoo....... tovinooo tovinoooo masss..kkaa... valliyappaaa.....,neutral,Low,DravidianLangTech-Malayalam,real,Real public research sample from DravidianLangTech-Malayalam.
real_dravidianlangtech_malayalam_0212,Malayalam,native,1,A: കിടു കിടുവേ.... ഇനി വന്നങ്ങ് അടിച്ചു പൊളിച്ചാൽ മതി,കിടു കിടുവേ.... ഇനി വന്നങ്ങ് അടിച്ചു പൊളിച്ചാൽ മതി,neutral,Low,DravidianLangTech-Malayalam,real,Real public research sample from DravidianLangTech-Malayalam.
real_dravidianlangtech_malayalam_0213,Manglish,roman,1,A: Lalettan massaaa verum Mass Alla kolamass lalettan ki jaiiii,Lalettan massaaa verum Mass Alla kolamass lalettan ki jaiiii,neutral,Low,DravidianLangTech-Malayalam,real,Real public research sample from DravidianLangTech-Malayalam.
real_dravidianlangtech_malayalam_0214,Manglish,mixed,1,A: പൊറിഞ്ചുവും മറിയവും ജോസും ജോഷി സാറിന്റെ ഒപ്പം കൂടി ഒരു തൃശൂർ പൂരമാണ് ഒരിക്കിയിരിക്കുന്നത് എന്നു ഇതു കണ്ടപ്പോൾ manasilayi,പൊറിഞ്ചുവും മറിയവും ജോസും ജോഷി സാറിന്റെ ഒപ്പം കൂടി ഒരു തൃശൂർ പൂരമാണ് ഒരിക്കിയിരിക്കുന്നത് എന്നു ഇതു കണ്ടപ്പോൾ manasilayi,neutral,Low,DravidianLangTech-Malayalam,real,Real public research sample from DravidianLangTech-Malayalam.
real_dravidianlangtech_malayalam_0215,Manglish,roman,1,A: Ithippo enthinulla purappadanavo randalum koodi Suraj Soubi,Ithippo enthinulla purappadanavo randalum koodi Suraj Soubi,neutral,Low,DravidianLangTech-Malayalam,real,Real public research sample from DravidianLangTech-Malayalam.
real_dravidianlangtech_malayalam_0216,Manglish,roman,1,A: bhasi machan und..ath mathram mathi...padam .pwolikum,bhasi machan und..ath mathram mathi...padam .pwolikum,neutral,Low,DravidianLangTech-Malayalam,real,Real public research sample from DravidianLangTech-Malayalam.
real_dravidianlangtech_malayalam_0217,Manglish,roman,1,A: Cinema kanditum idakku idakku keri trailer kanund,Cinema kanditum idakku idakku keri trailer kanund,neutral,Low,DravidianLangTech-Malayalam,real,Real public research sample from DravidianLangTech-Malayalam.
real_dravidianlangtech_malayalam_0218,Manglish,mixed,1,A: ജിമിട്ടൊളികൾ ഇപ്പോളെ unlike അടിച്ചു തുടങ്ങി അസുരൻ loading..,ജിമിട്ടൊളികൾ ഇപ്പോളെ unlike അടിച്ചു തുടങ്ങി അസുരൻ loading..,bullying_harassment,Medium,DravidianLangTech-Malayalam,real,Offensive social comment identified in DravidianLangTech corpus.
real_dravidianlangtech_malayalam_0219,Manglish,roman,1,A: Muriyandikal pannikuutatam pole thurimezhukuvansllooscenes are rememmbering pulimurugan,Muriyandikal pannikuutatam pole thurimezhukuvansllooscenes are rememmbering pulimurugan,bullying_harassment,Medium,DravidianLangTech-Malayalam,real,Offensive social comment identified in DravidianLangTech corpus.
real_dravidianlangtech_malayalam_0220,Manglish,roman,1,A: Nth bhashayado ith vech ketti malabr bhasha samsarikkunnu. Mohanlal malabarine kaliyakkunnu,Nth bhashayado ith vech ketti malabr bhasha samsarikkunnu. Mohanlal malabarine kaliyakkunnu,bullying_harassment,Medium,DravidianLangTech-Malayalam,real,Offensive social comment identified in DravidianLangTech corpus.
real_dravidianlangtech_malayalam_0221,Manglish,roman,1,A: 50 pathu pravasham kandavar adi like,50 pathu pravasham kandavar adi like,neutral,Low,DravidianLangTech-Malayalam,real,Real public research sample from DravidianLangTech-Malayalam.
real_dravidianlangtech_malayalam_0222,Manglish,roman,1,A: Padam kandavarkku like aam Mass ka baap,Padam kandavarkku like aam Mass ka baap,neutral,Low,DravidianLangTech-Malayalam,real,Real public research sample from DravidianLangTech-Malayalam.
real_dravidianlangtech_malayalam_0223,Manglish,mixed,1,A: മിഥുൻ comedy ഇല്ലാതെ പടം,മിഥുൻ comedy ഇല്ലാതെ പടം,neutral,Low,DravidianLangTech-Malayalam,real,Real public research sample from DravidianLangTech-Malayalam.
real_dravidianlangtech_malayalam_0224,Manglish,roman,1,A: Ithu......kaanumbol 2016-il irangiya...... Shahrukh Khan abhinayicha hindi movie faninte oru cheriya cut undo ennu oru samshayam......,Ithu......kaanumbol 2016-il irangiya...... Shahrukh Khan abhinayicha hindi movie faninte oru cheriya cut undo ennu oru samshayam......,neutral,Low,DravidianLangTech-Malayalam,real,Real public research sample from DravidianLangTech-Malayalam.
real_dravidianlangtech_malayalam_0225,Malayalam,native,1,A: ആരും കണ്ടേക്കരുതേ,ആരും കണ്ടേക്കരുതേ,bullying_harassment,Medium,DravidianLangTech-Malayalam,real,Offensive social comment identified in DravidianLangTech corpus.
real_dravidianlangtech_malayalam_0226,Manglish,roman,1,A: Iyyalkke rest cheyyanulla time aayilla.. kanda oola padagalilellam abinayiche vila poi paavam..,Iyyalkke rest cheyyanulla time aayilla.. kanda oola padagalilellam abinayiche vila poi paavam..,bullying_harassment,Medium,DravidianLangTech-Malayalam,real,Offensive social comment identified in DravidianLangTech corpus.
real_dravidianlangtech_malayalam_0227,Manglish,roman,1,A: eda rithwik nine njan theriparjilaloo ennitt ninte samkkaram kanichuvale f fff .valarthu dhosham nint ppp,eda rithwik nine njan theriparjilaloo ennitt ninte samkkaram kanichuvale f fff .valarthu dhosham nint ppp,bullying_harassment,Medium,DravidianLangTech-Malayalam,real,Offensive social comment identified in DravidianLangTech corpus.
real_dravidianlangtech_malayalam_0228,Manglish,roman,1,A: Trailer Releasinu munne 6k dislike itta ella punnara malarukalkum nadu viral namaskaram.... Chettakale,Trailer Releasinu munne 6k dislike itta ella punnara malarukalkum nadu viral namaskaram.... Chettakale,bullying_harassment,Medium,DravidianLangTech-Malayalam,real,Offensive social comment identified in DravidianLangTech corpus.
real_dravidianlangtech_malayalam_0229,Manglish,roman,1,A: Itinum dislike adikkan aalundallo...nallatine angeegarikkan padikk... duranthangal...,Itinum dislike adikkan aalundallo...nallatine angeegarikkan padikk... duranthangal...,bullying_harassment,Medium,DravidianLangTech-Malayalam,real,Offensive social comment identified in DravidianLangTech corpus.
real_dravidianlangtech_malayalam_0230,Manglish,roman,1,A: Nalla assal moonjjal thank you lola,Nalla assal moonjjal thank you lola,bullying_harassment,Medium,DravidianLangTech-Malayalam,real,Offensive social comment identified in DravidianLangTech corpus.
real_dravidianlangtech_malayalam_0231,Manglish,roman,1,A: Al veruppikkal Mammotty ude vere oru adipoli veruppikkal padamayirikku ith,Al veruppikkal Mammotty ude vere oru adipoli veruppikkal padamayirikku ith,bullying_harassment,Medium,DravidianLangTech-Malayalam,real,Offensive social comment identified in DravidianLangTech corpus.
real_dravidianlangtech_malayalam_0232,Manglish,roman,1,A: Dislike adikunavanmaruda oru thandakku vili varavu vechakke,Dislike adikunavanmaruda oru thandakku vili varavu vechakke,bullying_harassment,Medium,DravidianLangTech-Malayalam,real,Offensive social comment identified in DravidianLangTech corpus.
real_dravidianlangtech_malayalam_0233,Manglish,roman,1,A: Ni arda vadha beeshani ondakan..patti ..inala vannu korach cinema edthpo ni ethanda vallya kopila producer ayen thonuna..pooy chathudeda mayre,Ni arda vadha beeshani ondakan..patti ..inala vannu korach cinema edthpo ni ethanda vallya kopila producer ayen thonuna..pooy chathudeda mayre,bullying_harassment,Medium,DravidianLangTech-Malayalam,real,Offensive social comment identified in DravidianLangTech corpus.
real_dravidianlangtech_malayalam_0234,Manglish,roman,1,A: Ninta channel inu idanta peru goodwill ennalla devilwill enna..patti thayoli pundachi mone,Ninta channel inu idanta peru goodwill ennalla devilwill enna..patti thayoli pundachi mone,bullying_harassment,Medium,DravidianLangTech-Malayalam,real,Offensive social comment identified in DravidianLangTech corpus.
real_dravidianlangtech_malayalam_0235,Manglish,roman,1,A: Mara paazhu mega mairananil ninnum ethil koodutal pratheeshikaruthu 1980 kalile rajanikanthinu padikkunnu verum chavaru mairan....,Mara paazhu mega mairananil ninnum ethil koodutal pratheeshikaruthu 1980 kalile rajanikanthinu padikkunnu verum chavaru mairan....,bullying_harassment,Medium,DravidianLangTech-Malayalam,real,Offensive social comment identified in DravidianLangTech corpus.
real_dravidianlangtech_malayalam_0236,Manglish,roman,1,A: Lalettante face kandittu sankadam maatram ennalum ente stree kumara menone naari,Lalettante face kandittu sankadam maatram ennalum ente stree kumara menone naari,bullying_harassment,Medium,DravidianLangTech-Malayalam,real,Offensive social comment identified in DravidianLangTech corpus.
real_dravidianlangtech_malayalam_0237,Malayalam,native,1,A: ഗുഹൻ ഫാൻസ്‌ ഡിസ്‌ലൈക്ക് അടിച്ചു തകർക്കുവാണല്ലോ,ഗുഹൻ ഫാൻസ്‌ ഡിസ്‌ലൈക്ക് അടിച്ചു തകർക്കുവാണല്ലോ,bullying_harassment,Medium,DravidianLangTech-Malayalam,real,Offensive social comment identified in DravidianLangTech corpus.
real_dravidianlangtech_malayalam_0238,Manglish,roman,1,A: aa dislike mikkathum mohan lal fans aayirikkum,aa dislike mikkathum mohan lal fans aayirikkum,bullying_harassment,Medium,DravidianLangTech-Malayalam,real,Offensive social comment identified in DravidianLangTech corpus.
real_dravidianlangtech_malayalam_0239,Malayalam,native,1,A: മോഡിയുടെ ചെപ്പ കുറ്റി അടിച്ചു പരത്താൻ ആരെങ്കിലും ഉണ്ടോ?,മോഡിയുടെ ചെപ്പ കുറ്റി അടിച്ചു പരത്താൻ ആരെങ്കിലും ഉണ്ടോ?,bullying_harassment,Medium,DravidianLangTech-Malayalam,real,Offensive social comment identified in DravidianLangTech corpus.
real_dravidianlangtech_malayalam_0240,Manglish,roman,1,A: Chembu sajin fans dislike adikan thudangiyallo,Chembu sajin fans dislike adikan thudangiyallo,bullying_harassment,Medium,DravidianLangTech-Malayalam,real,Offensive social comment identified in DravidianLangTech corpus.
real_dravidianlangtech_malayalam_0241,Manglish,roman,1,A: Muttamariyans Mammunni Myra raja team omkv,Muttamariyans Mammunni Myra raja team omkv,bullying_harassment,Medium,DravidianLangTech-Malayalam,real,Offensive social comment identified in DravidianLangTech corpus.
real_dravidianlangtech_malayalam_0242,Manglish,roman,1,A: Mammunniyepole oliporallithu Eathu yudham vannalum munpilundavum laettan ....dialogue delivery pirannu...ee parayunna neeyokke pedukkum padam irangiyal,Mammunniyepole oliporallithu Eathu yudham vannalum munpilundavum laettan ....dialogue delivery pirannu...ee parayunna neeyokke pedukkum padam irangiyal,bullying_harassment,Medium,DravidianLangTech-Malayalam,real,Offensive social comment identified in DravidianLangTech corpus.
real_dravidianlangtech_malayalam_0243,Manglish,roman,1,A: Tharikida sabu ah poorimone kondu varendayirunnu,Tharikida sabu ah poorimone kondu varendayirunnu,bullying_harassment,Medium,DravidianLangTech-Malayalam,real,Offensive social comment identified in DravidianLangTech corpus.
real_dravidianlangtech_malayalam_0244,Manglish,roman,1,A: 2.7k unlike adicha pengalepanni makkalkku ente naduviral namaskaram,2.7k unlike adicha pengalepanni makkalkku ente naduviral namaskaram,bullying_harassment,Medium,DravidianLangTech-Malayalam,real,Offensive social comment identified in DravidianLangTech corpus.
real_dravidianlangtech_malayalam_0245,Manglish,roman,1,A: 13k dislike kodutha yethu mire** adaaa,13k dislike kodutha yethu mire** adaaa,bullying_harassment,Medium,DravidianLangTech-Malayalam,real,Offensive social comment identified in DravidianLangTech corpus.
real_dravidianlangtech_malayalam_0246,Malayalam,native,1,A: എന്തൂട്ട് പഴം പുഴുങ്ങിയ ശബ്‍ദം... കോപ്പ് പറയുന്ന ആൾക്ക് തന്നെ ഉശിരില്ലേ...,എന്തൂട്ട് പഴം പുഴുങ്ങിയ ശബ്‍ദം... കോപ്പ് പറയുന്ന ആൾക്ക് തന്നെ ഉശിരില്ലേ...,bullying_harassment,Medium,DravidianLangTech-Malayalam,real,Offensive social comment identified in DravidianLangTech corpus.
real_dravidianlangtech_malayalam_0247,Manglish,roman,1,A: irangunne munne dislike adikkunna thanthakku munne undaaya makkalku midile Finger,irangunne munne dislike adikkunna thanthakku munne undaaya makkalku midile Finger,bullying_harassment,Medium,DravidianLangTech-Malayalam,real,Offensive social comment identified in DravidianLangTech corpus.
real_dravidianlangtech_malayalam_0248,Malayalam,native,1,A: ഡയറക്ടർ സിദ്ധീക്ക് മമ്മൂട്ടിക്ക് മാത്രമേ നല്ല ചിത്രം ചെയ്തു കൊടുക്കുള്ളു ... ലാലേട്ടനെ താറടിക്കണം അത്രേയുള്ളൂ ആ നാറിക്ക് .... വെറുതെ അല്ല ഈ ഫിലിം ആന്റണി പെരുമ്പാവൂർ പ്രൊഡ്യൂസ് ചെയ്യാതിരുന്നത് ..... ലാലേട്ടൻ കാര്യങ്ങൾ മനസിലാക്കണം ....,ഡയറക്ടർ സിദ്ധീക്ക് മമ്മൂട്ടിക്ക് മാത്രമേ നല്ല ചിത്രം ചെയ്തു കൊടുക്കുള്ളു ... ലാലേട്ടനെ താറടിക്കണം അത്രേയുള്ളൂ ആ നാറിക്ക് .... വെറുതെ അല്ല ഈ ഫിലിം ആന്റണി പെരുമ്പാവൂർ പ്രൊഡ്യൂസ് ചെയ്യാതിരുന്നത് ..... ലാലേട്ടൻ കാര്യങ്ങൾ മനസിലാക്കണം ....,bullying_harassment,Medium,DravidianLangTech-Malayalam,real,Offensive social comment identified in DravidianLangTech corpus.
real_dravidianlangtech_malayalam_0249,Manglish,roman,1,A: Trailer kandal ariyam nalla oombiya padam aanunn,Trailer kandal ariyam nalla oombiya padam aanunn,bullying_harassment,Medium,DravidianLangTech-Malayalam,real,Offensive social comment identified in DravidianLangTech corpus.
real_dravidianlangtech_malayalam_0250,Manglish,roman,1,A: Teasr erangunnathinn munne 7 dislike ethe myranmar anenn ariyunnavar like cheyyu,Teasr erangunnathinn munne 7 dislike ethe myranmar anenn ariyunnavar like cheyyu,bullying_harassment,Medium,DravidianLangTech-Malayalam,real,Offensive social comment identified in DravidianLangTech corpus.
real_dravidianlangtech_malayalam_0251,Malayalam,native,1,A: എത്ര തച്ചോളികൾ ചിലച്ചാലും കൊല കൊള്ളി ആണ് ഇത്,എത്ര തച്ചോളികൾ ചിലച്ചാലും കൊല കൊള്ളി ആണ് ഇത്,bullying_harassment,Medium,DravidianLangTech-Malayalam,real,Offensive social comment identified in DravidianLangTech corpus.
real_dravidianlangtech_malayalam_0252,Manglish,roman,1,A: Pala padathilum kanda scenugal kooti kuzhucha padam athine kidu mass ennoke parayaan kure andam kammi fansugalum,Pala padathilum kanda scenugal kooti kuzhucha padam athine kidu mass ennoke parayaan kure andam kammi fansugalum,bullying_harassment,Medium,DravidianLangTech-Malayalam,real,Offensive social comment identified in DravidianLangTech corpus.
real_dravidianlangtech_malayalam_0253,Manglish,roman,1,A: ...emmathiri kanjavu cinimayiralkan geethuvine kone. Pattu,...emmathiri kanjavu cinimayiralkan geethuvine kone. Pattu,bullying_harassment,Medium,DravidianLangTech-Malayalam,real,Offensive social comment identified in DravidianLangTech corpus.
real_dravidianlangtech_malayalam_0254,Manglish,roman,1,A: Trailor vannapol unlike adikunna kure pooranmar poi chathoode kunnakale,Trailor vannapol unlike adikunna kure pooranmar poi chathoode kunnakale,bullying_harassment,Medium,DravidianLangTech-Malayalam,real,Offensive social comment identified in DravidianLangTech corpus.
real_dravidianlangtech_malayalam_0255,Manglish,roman,1,A: odiyan thulapichu myran V A Sree kumar kopan poda,odiyan thulapichu myran V A Sree kumar kopan poda,bullying_harassment,Medium,DravidianLangTech-Malayalam,real,Offensive social comment identified in DravidianLangTech corpus.
real_dravidianlangtech_malayalam_0256,Manglish,roman,1,A: Muriyandi mammunniyude sudappi fansinaanu kuru vallathe pottunnath..,Muriyandi mammunniyude sudappi fansinaanu kuru vallathe pottunnath..,bullying_harassment,Medium,DravidianLangTech-Malayalam,real,Offensive social comment identified in DravidianLangTech corpus.
real_dravidianlangtech_malayalam_0257,Manglish,roman,1,A: Yedaa Mamooty poora,Yedaa Mamooty poora,bullying_harassment,Medium,DravidianLangTech-Malayalam,real,Offensive social comment identified in DravidianLangTech corpus.
real_dravidianlangtech_malayalam_0258,Manglish,roman,1,A: Ijjathi kuru trailer releaseinu mumbe ikka fans dislike adikan thudangiyo,Ijjathi kuru trailer releaseinu mumbe ikka fans dislike adikan thudangiyo,bullying_harassment,Medium,DravidianLangTech-Malayalam,real,Offensive social comment identified in DravidianLangTech corpus.
real_dravidianlangtech_malayalam_0259,Malayalam,native,1,A: രായപ്പൻ ഫാൻസ് ഉണ്ടോ? അഹങ്കാരം തലക്ക് പിടിച്ചവനല്ലേ ഇവൻ. ചെമ്പോർകിനി,രായപ്പൻ ഫാൻസ് ഉണ്ടോ? അഹങ്കാരം തലക്ക് പിടിച്ചവനല്ലേ ഇവൻ. ചെമ്പോർകിനി,bullying_harassment,Medium,DravidianLangTech-Malayalam,real,Offensive social comment identified in DravidianLangTech corpus.
real_dravidianlangtech_malayalam_0260,Manglish,roman,1,A: Pottum bengaali look IDGAF mon,Pottum bengaali look IDGAF mon,bullying_harassment,Medium,DravidianLangTech-Malayalam,real,Offensive social comment identified in DravidianLangTech corpus.
real_dravidianlangtech_malayalam_0261,Manglish,roman,1,A: Trailer kandale ariyam lalapande adutha padakam....,Trailer kandale ariyam lalapande adutha padakam....,bullying_harassment,Medium,DravidianLangTech-Malayalam,real,Offensive social comment identified in DravidianLangTech corpus.
real_dravidianlangtech_malayalam_0262,Manglish,roman,1,A: Iyakku Vera pani onnum ille !,Iyakku Vera pani onnum ille !,bullying_harassment,Medium,DravidianLangTech-Malayalam,real,Offensive social comment identified in DravidianLangTech corpus.
real_dravidianlangtech_malayalam_0263,Malayalam,native,1,A: മഞ്ജു ചേച്ചി ഇസ്സ്തം ... കോവാലൻ കസ്സ്തം ...,മഞ്ജു ചേച്ചി ഇസ്സ്തം ... കോവാലൻ കസ്സ്തം ...,bullying_harassment,Medium,DravidianLangTech-Malayalam,real,Offensive social comment identified in DravidianLangTech corpus.
real_dravidianlangtech_malayalam_0264,Malayalam,native,1,A: ഗുഹ൯ ഫാ൯സ് ഡിസ്ലൈക് കാ൦പൈ൯ പൊടി പൊടിക്കുന്നുണ്ടല്ലോ,ഗുഹ൯ ഫാ൯സ് ഡിസ്ലൈക് കാ൦പൈ൯ പൊടി പൊടിക്കുന്നുണ്ടല്ലോ,bullying_harassment,Medium,DravidianLangTech-Malayalam,real,Offensive social comment identified in DravidianLangTech corpus.
real_dravidianlangtech_malayalam_0265,Manglish,roman,1,A: Trailer kand kuru potti olich ippozhe degrading thodangi entha avastha ikka fans ichiri ulupp,Trailer kand kuru potti olich ippozhe degrading thodangi entha avastha ikka fans ichiri ulupp,bullying_harassment,Medium,DravidianLangTech-Malayalam,real,Offensive social comment identified in DravidianLangTech corpus.
real_comi_lingua_hinglish_0266,Hinglish,mixed,1,A: Former South African fast bowling great Makhaya Ntini has given a shocking reaction.,Former South African fast bowling great Makhaya Ntini has given a shocking reaction.,neutral,Low,COMI-LINGUA-Hinglish,real,Real public research sample from COMI-LINGUA-Hinglish.
real_comi_lingua_hinglish_0267,Hinglish,mixed,1,"A: BKU spokesperson Rakesh Tikait, who became the face of the farmers' movement, also reached there and stayed overnight on Sunday.","BKU spokesperson Rakesh Tikait, who became the face of the farmers' movement, also reached there and stayed overnight on Sunday.",neutral,Low,COMI-LINGUA-Hinglish,real,Real public research sample from COMI-LINGUA-Hinglish.
real_comi_lingua_hinglish_0268,Hinglish,mixed,1,"A: Before joining the BRICS bank, Kamath was the chairman of the country's second-largest IT company Infosys and the non-executive chairman of ICICI Bank.","Before joining the BRICS bank, Kamath was the chairman of the country's second-largest IT company Infosys and the non-executive chairman of ICICI Bank.",neutral,Low,COMI-LINGUA-Hinglish,real,Real public research sample from COMI-LINGUA-Hinglish.
real_comi_lingua_hinglish_0269,Hinglish,mixed,1,A: The 30th match of IPL 2020 was played between Delhi Capitals and Rajasthan Royals on Wednesday in Dubai.,The 30th match of IPL 2020 was played between Delhi Capitals and Rajasthan Royals on Wednesday in Dubai.,neutral,Low,COMI-LINGUA-Hinglish,real,Real public research sample from COMI-LINGUA-Hinglish.
real_comi_lingua_hinglish_0270,Hinglish,mixed,1,"A: From Jyotiraditya Scindia to Raja Bhaiya, there are some such names that are much discussed in politics.","From Jyotiraditya Scindia to Raja Bhaiya, there are some such names that are much discussed in politics.",neutral,Low,COMI-LINGUA-Hinglish,real,Real public research sample from COMI-LINGUA-Hinglish.
real_comi_lingua_hinglish_0271,Hinglish,mixed,1,A: The Indian Air Force has released the results for the recruitment of Meteorological Scientists.,The Indian Air Force has released the results for the recruitment of Meteorological Scientists.,neutral,Low,COMI-LINGUA-Hinglish,real,Real public research sample from COMI-LINGUA-Hinglish.
real_comi_lingua_hinglish_0272,Hinglish,mixed,1,"A: In this song, Sonal Raika and Vikash Sharma are also seen along with Rita.","In this song, Sonal Raika and Vikash Sharma are also seen along with Rita.",neutral,Low,COMI-LINGUA-Hinglish,real,Real public research sample from COMI-LINGUA-Hinglish.
real_comi_lingua_hinglish_0273,Hinglish,mixed,1,A: New Delhi. Prime Minister Narendra Modi unveiled a statue of Swami Vivekananda in the Jawaharlal Nehru University (JNU) campus on Thursday.,New Delhi. Prime Minister Narendra Modi unveiled a statue of Swami Vivekananda in the Jawaharlal Nehru University (JNU) campus on Thursday.,neutral,Low,COMI-LINGUA-Hinglish,real,Real public research sample from COMI-LINGUA-Hinglish.
real_comi_lingua_hinglish_0274,Hinglish,mixed,1,"A: Meanwhile, the Punjab government has not yet given the Punjab University the outstanding amount of 21 crores.","Meanwhile, the Punjab government has not yet given the Punjab University the outstanding amount of 21 crores.",neutral,Low,COMI-LINGUA-Hinglish,real,Real public research sample from COMI-LINGUA-Hinglish.
real_comi_lingua_hinglish_0275,Hinglish,mixed,1,"A: In a drugs case, the Narcotics Control Bureau (NCB) questioned Arjun Rampal for nearly 6 hours on Monday.","In a drugs case, the Narcotics Control Bureau (NCB) questioned Arjun Rampal for nearly 6 hours on Monday.",neutral,Low,COMI-LINGUA-Hinglish,real,Real public research sample from COMI-LINGUA-Hinglish.
real_comi_lingua_hinglish_0276,Hinglish,mixed,1,"A: Tajpur Kurra, also known as Kurra, is a village located in Ghazipur district of Uttar Pradesh state in India.","Tajpur Kurra, also known as Kurra, is a village located in Ghazipur district of Uttar Pradesh state in India.",neutral,Low,COMI-LINGUA-Hinglish,real,Real public research sample from COMI-LINGUA-Hinglish.
real_comi_lingua_hinglish_0277,Hinglish,mixed,1,A: - For fever: Paracetamol which is available under brand names such as Crocin and Calpol.,- For fever: Paracetamol which is available under brand names such as Crocin and Calpol.,neutral,Low,COMI-LINGUA-Hinglish,real,Real public research sample from COMI-LINGUA-Hinglish.
real_comi_lingua_hinglish_0278,Hinglish,mixed,1,"A: On the other hand, Rhea Chakraborty, Sushant's girlfriend arrested in the drug angle, has made several big revelations in front of the NCB.","On the other hand, Rhea Chakraborty, Sushant's girlfriend arrested in the drug angle, has made several big revelations in front of the NCB.",neutral,Low,COMI-LINGUA-Hinglish,real,Real public research sample from COMI-LINGUA-Hinglish.
real_comi_lingua_hinglish_0279,Hinglish,mixed,1,A: Mahua Moitra: Mahua Moitra is identified as the sharp-tongued woman MP of Trinamool Congress (TMC).,Mahua Moitra: Mahua Moitra is identified as the sharp-tongued woman MP of Trinamool Congress (TMC).,neutral,Low,COMI-LINGUA-Hinglish,real,Real public research sample from COMI-LINGUA-Hinglish.
real_comi_lingua_hinglish_0280,Hinglish,mixed,1,A: The Bharatiya Janata Party (BJP) organizes various programs every year on Prime Minister Narendra Modi's birthday.,The Bharatiya Janata Party (BJP) organizes various programs every year on Prime Minister Narendra Modi's birthday.,neutral,Low,COMI-LINGUA-Hinglish,real,Real public research sample from COMI-LINGUA-Hinglish.
real_comi_lingua_hinglish_0281,Hinglish,mixed,1,"A: In the fight, he said something that is connected to Aarti Singh and Sidharth Shukla.","In the fight, he said something that is connected to Aarti Singh and Sidharth Shukla.",neutral,Low,COMI-LINGUA-Hinglish,real,Real public research sample from COMI-LINGUA-Hinglish.
real_comi_lingua_hinglish_0282,Hinglish,mixed,1,A: CSK (CSK) batting coach Michael Hussey revealed the team plan along with this.,CSK (CSK) batting coach Michael Hussey revealed the team plan along with this.,neutral,Low,COMI-LINGUA-Hinglish,real,Real public research sample from COMI-LINGUA-Hinglish.
real_comi_lingua_hinglish_0283,Hinglish,mixed,1,"A: On the same subject, Dainik Jagran and Amazon organized a webinar on December 19, 2020.","On the same subject, Dainik Jagran and Amazon organized a webinar on December 19, 2020.",neutral,Low,COMI-LINGUA-Hinglish,real,Real public research sample from COMI-LINGUA-Hinglish.
real_comi_lingua_hinglish_0284,Hinglish,mixed,1,"A: In this film, along with action, actor Prabhas and actress Shraddha Kapoor will be seen adding a touch of romance.","In this film, along with action, actor Prabhas and actress Shraddha Kapoor will be seen adding a touch of romance.",neutral,Low,COMI-LINGUA-Hinglish,real,Real public research sample from COMI-LINGUA-Hinglish.
real_comi_lingua_hinglish_0285,Hinglish,mixed,1,A: Aamir Khan's daughter Ira Khan is these days dating fitness trainer Nupur Shikhare.,Aamir Khan's daughter Ira Khan is these days dating fitness trainer Nupur Shikhare.,neutral,Low,COMI-LINGUA-Hinglish,real,Real public research sample from COMI-LINGUA-Hinglish.
real_comi_lingua_hinglish_0286,Hinglish,mixed,1,"A: P. S. Ranipise, an IPS officer of Odisha cadre, has been appointed as the Inspector General of the Central Reserve Police Force (CRPF).","P. S. Ranipise, an IPS officer of Odisha cadre, has been appointed as the Inspector General of the Central Reserve Police Force (CRPF).",neutral,Low,COMI-LINGUA-Hinglish,real,Real public research sample from COMI-LINGUA-Hinglish.
real_comi_lingua_hinglish_0287,Hinglish,mixed,1,"A: Meanwhile, the Yogi government of UP has taken major action and ordered the filing of a sedition case against the accused.","Meanwhile, the Yogi government of UP has taken major action and ordered the filing of a sedition case against the accused.",neutral,Low,COMI-LINGUA-Hinglish,real,Real public research sample from COMI-LINGUA-Hinglish.
real_comi_lingua_hinglish_0288,Hinglish,mixed,1,A: Isha Ambani has many pictures in which she looks like her mother Nita Ambani.,Isha Ambani has many pictures in which she looks like her mother Nita Ambani.,neutral,Low,COMI-LINGUA-Hinglish,real,Real public research sample from COMI-LINGUA-Hinglish.
real_comi_lingua_hinglish_0289,Hinglish,mixed,1,"A: Indian Railways has installed bio-toilets in more than 68,000 coaches of trains under the 'Swachh Rail, Swachh Bharat' campaign.","Indian Railways has installed bio-toilets in more than 68,000 coaches of trains under the 'Swachh Rail, Swachh Bharat' campaign.",neutral,Low,COMI-LINGUA-Hinglish,real,Real public research sample from COMI-LINGUA-Hinglish.
real_comi_lingua_hinglish_0290,Hinglish,mixed,1,"A: Rahul Gandhi Birthday: The heir of the Gandhi family, Rahul Gandhi, is celebrating his 53rd birthday today.","Rahul Gandhi Birthday: The heir of the Gandhi family, Rahul Gandhi, is celebrating his 53rd birthday today.",neutral,Low,COMI-LINGUA-Hinglish,real,Real public research sample from COMI-LINGUA-Hinglish.
real_comi_lingua_hinglish_0291,Hinglish,mixed,1,A: Superstar Khesari Lal Yadav and Bhojpuri Queen Kajal Raghwani. This pair is something different.,Superstar Khesari Lal Yadav and Bhojpuri Queen Kajal Raghwani. This pair is something different.,neutral,Low,COMI-LINGUA-Hinglish,real,Real public research sample from COMI-LINGUA-Hinglish.
real_comi_lingua_hinglish_0292,Hinglish,mixed,1,A: Mistry raised ethics concerns over Tata Group's joint venture in the aviation sector with AirAsia.,Mistry raised ethics concerns over Tata Group's joint venture in the aviation sector with AirAsia.,neutral,Low,COMI-LINGUA-Hinglish,real,Real public research sample from COMI-LINGUA-Hinglish.
real_comi_lingua_hinglish_0293,Hinglish,mixed,1,"A: The Central Bureau of Investigation (CBI) has registered four new cases against Principal Commissioner of Income Tax, Tapas Kumar Dutta.","The Central Bureau of Investigation (CBI) has registered four new cases against Principal Commissioner of Income Tax, Tapas Kumar Dutta.",neutral,Low,COMI-LINGUA-Hinglish,real,Real public research sample from COMI-LINGUA-Hinglish.
real_comi_lingua_hinglish_0294,Hinglish,mixed,1,A: Hyderabad: Bollywood's leading actor Sonu Sood has once again shown his generosity.,Hyderabad: Bollywood's leading actor Sonu Sood has once again shown his generosity.,neutral,Low,COMI-LINGUA-Hinglish,real,Real public research sample from COMI-LINGUA-Hinglish.
real_comi_lingua_hinglish_0295,Hinglish,mixed,1,"A: Inspired by Sonu Sood, a young man named Anil from Begumpet set up the 'Laxmi Sonu Sood Fast Food Center'.","Inspired by Sonu Sood, a young man named Anil from Begumpet set up the 'Laxmi Sonu Sood Fast Food Center'.",neutral,Low,COMI-LINGUA-Hinglish,real,Real public research sample from COMI-LINGUA-Hinglish.
real_comi_lingua_hinglish_0296,Hinglish,mixed,1,A: Jaipur Foundation Day: The Foundation Day of Jaipur was celebrated at Statue Circle by the Dhundhad Council.,Jaipur Foundation Day: The Foundation Day of Jaipur was celebrated at Statue Circle by the Dhundhad Council.,neutral,Low,COMI-LINGUA-Hinglish,real,Real public research sample from COMI-LINGUA-Hinglish.
real_comi_lingua_hinglish_0297,Hinglish,mixed,1,A: Malaika Arora left for Chandigarh in business class from Mumbai airport on Wednesday at 9 am.,Malaika Arora left for Chandigarh in business class from Mumbai airport on Wednesday at 9 am.,neutral,Low,COMI-LINGUA-Hinglish,real,Real public research sample from COMI-LINGUA-Hinglish.
real_comi_lingua_hinglish_0298,Hinglish,mixed,1,"A: On 17 April, both Google and Apple removed TikTok from Google Play and the App Store.","On 17 April, both Google and Apple removed TikTok from Google Play and the App Store.",neutral,Low,COMI-LINGUA-Hinglish,real,Real public research sample from COMI-LINGUA-Hinglish.
real_comi_lingua_hinglish_0299,Hinglish,mixed,1,A: Leader of the Opposition Tejashwi Yadav has opposed the stopping of labourers in Karnataka.,Leader of the Opposition Tejashwi Yadav has opposed the stopping of labourers in Karnataka.,neutral,Low,COMI-LINGUA-Hinglish,real,Real public research sample from COMI-LINGUA-Hinglish.
real_comi_lingua_hinglish_0300,Hinglish,mixed,1,A: IAS officer Salma Fahim shared a video from her Twitter handle.,IAS officer Salma Fahim shared a video from her Twitter handle.,neutral,Low,COMI-LINGUA-Hinglish,real,Real public research sample from COMI-LINGUA-Hinglish.
real_comi_lingua_hinglish_0301,Hinglish,mixed,1,"A: Talking about petrol, Indian oil marketing companies have not made any changes in its prices for the past 26 days.","Talking about petrol, Indian oil marketing companies have not made any changes in its prices for the past 26 days.",neutral,Low,COMI-LINGUA-Hinglish,real,Real public research sample from COMI-LINGUA-Hinglish.
real_comi_lingua_hinglish_0302,Hinglish,mixed,1,"A: If we talk about the name of Suryadev (Sun), then Suryadev (Sun), Suraj, Surya, Surya Bhagwan, Ravi and Surya are called Sun (Sun) in English.","If we talk about the name of Suryadev (Sun), then Suryadev (Sun), Suraj, Surya, Surya Bhagwan, Ravi and Surya are called Sun (Sun) in English.",neutral,Low,COMI-LINGUA-Hinglish,real,Real public research sample from COMI-LINGUA-Hinglish.
real_comi_lingua_hinglish_0303,Hinglish,mixed,1,A: Hong Kong-based smartphone manufacturer Tecno has launched a new variant of the Tecno Spark 6 Air in India.,Hong Kong-based smartphone manufacturer Tecno has launched a new variant of the Tecno Spark 6 Air in India.,neutral,Low,COMI-LINGUA-Hinglish,real,Real public research sample from COMI-LINGUA-Hinglish.
real_comi_lingua_hinglish_0304,Hinglish,mixed,1,"A: On July 20, Bhojpuri cinema's stunning actress Kajal Raghwani celebrated her birthday.","On July 20, Bhojpuri cinema's stunning actress Kajal Raghwani celebrated her birthday.",neutral,Low,COMI-LINGUA-Hinglish,real,Real public research sample from COMI-LINGUA-Hinglish.
real_comi_lingua_hinglish_0305,Hinglish,mixed,1,"A: Vinoba Bhave was born on 11 September 1895 in Gagode, a village in Maharashtra, in a Brahmin family.","Vinoba Bhave was born on 11 September 1895 in Gagode, a village in Maharashtra, in a Brahmin family.",neutral,Low,COMI-LINGUA-Hinglish,real,Real public research sample from COMI-LINGUA-Hinglish.
real_comi_lingua_hinglish_0306,Hinglish,mixed,1,A: Vinoda Bhawe (Acharya Vinoba Bhave) was in intermediate when Mahatma Gandhi made an appeal for mass awakening at the Hindu University in Banaras.,Vinoda Bhawe (Acharya Vinoba Bhave) was in intermediate when Mahatma Gandhi made an appeal for mass awakening at the Hindu University in Banaras.,neutral,Low,COMI-LINGUA-Hinglish,real,Real public research sample from COMI-LINGUA-Hinglish.
real_comi_lingua_hinglish_0307,Hinglish,mixed,1,"A: Allie Knox (Allie Eve Knox) is an American film actress and model, born on 15 November 1989 in Atlanta, Georgia, United States.","Allie Knox (Allie Eve Knox) is an American film actress and model, born on 15 November 1989 in Atlanta, Georgia, United States.",neutral,Low,COMI-LINGUA-Hinglish,real,Real public research sample from COMI-LINGUA-Hinglish.
real_comi_lingua_hinglish_0308,Hinglish,mixed,1,A: Channel Hindustan Desk: Justice DN Patel of Jharkhand High Court will be the new Chief Justice of Delhi High Court.,Channel Hindustan Desk: Justice DN Patel of Jharkhand High Court will be the new Chief Justice of Delhi High Court.,neutral,Low,COMI-LINGUA-Hinglish,real,Real public research sample from COMI-LINGUA-Hinglish.
real_comi_lingua_hinglish_0309,Hinglish,mixed,1,A: Actually John Abraham often shares pictures related to this film on his social media account.,Actually John Abraham often shares pictures related to this film on his social media account.,neutral,Low,COMI-LINGUA-Hinglish,real,Real public research sample from COMI-LINGUA-Hinglish.
real_comi_lingua_hinglish_0310,Hinglish,mixed,1,A: Trains for Sikandarpur run from New Delhi(NDLS) and Delhi(DLI) and go up to New Delhi and reach Sikandarpur(SKQ).,Trains for Sikandarpur run from New Delhi(NDLS) and Delhi(DLI) and go up to New Delhi and reach Sikandarpur(SKQ).,neutral,Low,COMI-LINGUA-Hinglish,real,Real public research sample from COMI-LINGUA-Hinglish.
real_comi_lingua_hinglish_0311,Hinglish,mixed,1,"A: It is the same Gavaskar (Sunil Gavaskar) who is considered an ideal by Sachin Tendulkar, who is called the God of Cricket.","It is the same Gavaskar (Sunil Gavaskar) who is considered an ideal by Sachin Tendulkar, who is called the God of Cricket.",neutral,Low,COMI-LINGUA-Hinglish,real,Real public research sample from COMI-LINGUA-Hinglish.
real_comi_lingua_hinglish_0312,Hinglish,mixed,1,"A: Whether it's Kashi, Patna or Dhanbad, everywhere is seen immersed in the colors and enthusiasm of public faith.","Whether it's Kashi, Patna or Dhanbad, everywhere is seen immersed in the colors and enthusiasm of public faith.",neutral,Low,COMI-LINGUA-Hinglish,real,Real public research sample from COMI-LINGUA-Hinglish.
real_comi_lingua_hinglish_0313,Hinglish,mixed,1,A: After which everyone together raised slogans against Karan Johar and Salman Khan.,After which everyone together raised slogans against Karan Johar and Salman Khan.,neutral,Low,COMI-LINGUA-Hinglish,real,Real public research sample from COMI-LINGUA-Hinglish.
real_comi_lingua_hinglish_0314,Hinglish,mixed,1,"A: In this post, I will tell you how to link or register a PAN card number with an SBI (State Bank of India) bank account.","In this post, I will tell you how to link or register a PAN card number with an SBI (State Bank of India) bank account.",neutral,Low,COMI-LINGUA-Hinglish,real,Real public research sample from COMI-LINGUA-Hinglish.
real_comi_lingua_hinglish_0315,Hinglish,mixed,1,A: Chief Minister Yogi Adityanath is continuously making efforts to double the income of farmers.,Chief Minister Yogi Adityanath is continuously making efforts to double the income of farmers.,neutral,Low,COMI-LINGUA-Hinglish,real,Real public research sample from COMI-LINGUA-Hinglish.
real_comi_lingua_hinglish_0316,Hinglish,mixed,1,"A: The World Health Organization (WHO) and the Government of India have also declared high alert, taking the Nipah virus seriously.","The World Health Organization (WHO) and the Government of India have also declared high alert, taking the Nipah virus seriously.",neutral,Low,COMI-LINGUA-Hinglish,real,Real public research sample from COMI-LINGUA-Hinglish.
real_comi_lingua_hinglish_0317,Hinglish,mixed,1,"A: Symptoms of pneumonia.. As soon as the news of DP Tripathi's death came, a wave of mourning spread among NCP and his supporters.","Symptoms of pneumonia.. As soon as the news of DP Tripathi's death came, a wave of mourning spread among NCP and his supporters.",neutral,Low,COMI-LINGUA-Hinglish,real,Real public research sample from COMI-LINGUA-Hinglish.
real_comi_lingua_hinglish_0318,Hinglish,mixed,1,"A: In 1919, S&H and two other companies jointly formed the Osram lightbulb company.","In 1919, S&H and two other companies jointly formed the Osram lightbulb company.",neutral,Low,COMI-LINGUA-Hinglish,real,Real public research sample from COMI-LINGUA-Hinglish.
real_comi_lingua_hinglish_0319,Hinglish,mixed,1,A: Madhav National Park is a national park located in Shivpuri district of Madhya Pradesh state in India.,Madhav National Park is a national park located in Shivpuri district of Madhya Pradesh state in India.,neutral,Low,COMI-LINGUA-Hinglish,real,Real public research sample from COMI-LINGUA-Hinglish.
real_comi_lingua_hinglish_0320,Hinglish,mixed,1,"A: According to the National Centre for Disease Control (NCDC) report, Rajasthan, Gujarat, Punjab and Maharashtra have the highest outbreak of Swine Flu.","According to the National Centre for Disease Control (NCDC) report, Rajasthan, Gujarat, Punjab and Maharashtra have the highest outbreak of Swine Flu.",neutral,Low,COMI-LINGUA-Hinglish,real,Real public research sample from COMI-LINGUA-Hinglish.
real_comi_lingua_hinglish_0321,Hinglish,mixed,1,"A: Now talking about Mumbai Indians, Mumbai Indians' first match will be on 19 September with CSK.","Now talking about Mumbai Indians, Mumbai Indians' first match will be on 19 September with CSK.",neutral,Low,COMI-LINGUA-Hinglish,real,Real public research sample from COMI-LINGUA-Hinglish.
real_comi_lingua_hinglish_0322,Hinglish,mixed,1,"A: New Delhi: Kia Motors had entered India with Kia Seltos on August 22, 2019, which received a tremendous response in India.","New Delhi: Kia Motors had entered India with Kia Seltos on August 22, 2019, which received a tremendous response in India.",neutral,Low,COMI-LINGUA-Hinglish,real,Real public research sample from COMI-LINGUA-Hinglish.
real_comi_lingua_hinglish_0323,Hinglish,mixed,1,A: Ambikapur. The Medical College Hospital management often remains in the headlines for its careless working style.,Ambikapur. The Medical College Hospital management often remains in the headlines for its careless working style.,neutral,Low,COMI-LINGUA-Hinglish,real,Real public research sample from COMI-LINGUA-Hinglish.
real_comi_lingua_hinglish_0324,Hinglish,mixed,1,"A: Mumbai Indians won their fifth IPL title, becoming the first team to win back-to-back titles since Chennai Super Kings.","Mumbai Indians won their fifth IPL title, becoming the first team to win back-to-back titles since Chennai Super Kings.",neutral,Low,COMI-LINGUA-Hinglish,real,Real public research sample from COMI-LINGUA-Hinglish.
real_comi_lingua_hinglish_0325,Hinglish,mixed,1,A: There were discussions all over the world about the marriage of Nita Ambani and Mukesh Ambani's children.,There were discussions all over the world about the marriage of Nita Ambani and Mukesh Ambani's children.,neutral,Low,COMI-LINGUA-Hinglish,real,Real public research sample from COMI-LINGUA-Hinglish.
real_comi_lingua_hinglish_0326,Hinglish,mixed,1,A: Bahu Shloka Mehta Ambani celebrated her first birthday after marriage at Antilia (Ambani House).,Bahu Shloka Mehta Ambani celebrated her first birthday after marriage at Antilia (Ambani House).,neutral,Low,COMI-LINGUA-Hinglish,real,Real public research sample from COMI-LINGUA-Hinglish.
real_comi_lingua_hinglish_0327,Hinglish,mixed,1,A: Jaya Bachchan was born on 9 April 1948 in Jabalpur and married Amitabh Bachchan in 1973.,Jaya Bachchan was born on 9 April 1948 in Jabalpur and married Amitabh Bachchan in 1973.,neutral,Low,COMI-LINGUA-Hinglish,real,Real public research sample from COMI-LINGUA-Hinglish.
real_comi_lingua_hinglish_0328,Hinglish,mixed,1,"A: Actually, a powerful explosion in a private school named 'Falahi-e-Milat' in Pulwama, Jammu and Kashmir, has created a sensation in the area.","Actually, a powerful explosion in a private school named 'Falahi-e-Milat' in Pulwama, Jammu and Kashmir, has created a sensation in the area.",neutral,Low,COMI-LINGUA-Hinglish,real,Real public research sample from COMI-LINGUA-Hinglish.
real_comi_lingua_hinglish_0329,Hinglish,mixed,1,A: The Supreme Court is hearing the Ramjanmabhoomi-Babri Masjid dispute.,The Supreme Court is hearing the Ramjanmabhoomi-Babri Masjid dispute.,neutral,Low,COMI-LINGUA-Hinglish,real,Real public research sample from COMI-LINGUA-Hinglish.
real_comi_lingua_hinglish_0330,Hinglish,mixed,1,A: Jamai Raja actress Nia Sharma is known for her bold and glamorous style.,Jamai Raja actress Nia Sharma is known for her bold and glamorous style.,neutral,Low,COMI-LINGUA-Hinglish,real,Real public research sample from COMI-LINGUA-Hinglish.
real_comi_lingua_hinglish_0331,Hinglish,mixed,1,"A: Meanwhile, South actors Allu Arjun, Amala Akkineni and Jr NTR were seen casting their votes.","Meanwhile, South actors Allu Arjun, Amala Akkineni and Jr NTR were seen casting their votes.",neutral,Low,COMI-LINGUA-Hinglish,real,Real public research sample from COMI-LINGUA-Hinglish.
real_comi_lingua_hinglish_0332,Hinglish,mixed,1,"A: Along with the University of Agriculture, he also worked in Jindal and other big companies and did a lot of research on mushroom production.","Along with the University of Agriculture, he also worked in Jindal and other big companies and did a lot of research on mushroom production.",neutral,Low,COMI-LINGUA-Hinglish,real,Real public research sample from COMI-LINGUA-Hinglish.
real_comi_lingua_hinglish_0333,Hinglish,mixed,1,A: Bollywood actor Salman Khan is currently in Russia for the shooting of his film 'Tiger 3'.,Bollywood actor Salman Khan is currently in Russia for the shooting of his film 'Tiger 3'.,neutral,Low,COMI-LINGUA-Hinglish,real,Real public research sample from COMI-LINGUA-Hinglish.
real_comi_lingua_hinglish_0334,Hinglish,mixed,1,A: Bollywood actor Shahid Kapoor and his wife Mira Rajput are often seen giving perfect married couple goals to fans.,Bollywood actor Shahid Kapoor and his wife Mira Rajput are often seen giving perfect married couple goals to fans.,neutral,Low,COMI-LINGUA-Hinglish,real,Real public research sample from COMI-LINGUA-Hinglish.
real_comi_lingua_hinglish_0335,Hinglish,mixed,1,A: Lok Janshakti Party (LJP) national president Chirag Paswan is once again in the headlines.,Lok Janshakti Party (LJP) national president Chirag Paswan is once again in the headlines.,neutral,Low,COMI-LINGUA-Hinglish,real,Real public research sample from COMI-LINGUA-Hinglish.
real_comi_lingua_hinglish_0336,Hinglish,mixed,1,"A: Lucknow. In UP, all parties have started strengthening the organization for the 2022 assembly elections.","Lucknow. In UP, all parties have started strengthening the organization for the 2022 assembly elections.",neutral,Low,COMI-LINGUA-Hinglish,real,Real public research sample from COMI-LINGUA-Hinglish.
real_comi_lingua_hinglish_0337,Hinglish,mixed,1,A: Former WWE Champion Drew McIntyre and Jinder Mahal's dream match is in a lot of discussion these days.,Former WWE Champion Drew McIntyre and Jinder Mahal's dream match is in a lot of discussion these days.,neutral,Low,COMI-LINGUA-Hinglish,real,Real public research sample from COMI-LINGUA-Hinglish.
real_comi_lingua_hinglish_0338,Hinglish,mixed,1,A: The 29th match of the 14th season of the Indian Premier League (IPL 2021) is to be played between Punjab Kings and Delhi Capitals.,The 29th match of the 14th season of the Indian Premier League (IPL 2021) is to be played between Punjab Kings and Delhi Capitals.,neutral,Low,COMI-LINGUA-Hinglish,real,Real public research sample from COMI-LINGUA-Hinglish.
real_comi_lingua_hinglish_0339,Hinglish,mixed,1,A: Social... Bollywood actress Janhvi Kapoor is these days in the discussion about her upcoming film 'Roohi'.,Social... Bollywood actress Janhvi Kapoor is these days in the discussion about her upcoming film 'Roohi'.,neutral,Low,COMI-LINGUA-Hinglish,real,Real public research sample from COMI-LINGUA-Hinglish.
real_comi_lingua_hinglish_0340,Hinglish,mixed,1,A: Former Indian captain Rahul Dravid has reapplied for the post of Head of Cricket at the National Cricket Academy (NCA).,Former Indian captain Rahul Dravid has reapplied for the post of Head of Cricket at the National Cricket Academy (NCA).,neutral,Low,COMI-LINGUA-Hinglish,real,Real public research sample from COMI-LINGUA-Hinglish.
